Parameter,Bound_lo,Bound_hi,Best_Fit,CI_lower,CI_upper
b1,0.001,0.2,0.2,0.056472262092600006,0.3435277379074
b2,5.0,25.0,14.914183778361979,0.0,913.4712680755775
x0,5.0,20.0,14.220289472553354,0.0,651.718472138207
x1,14.0,20.0,17.487314905114925,0.0,67.36396126630018
c,0.02,2.0,0.21360895719208875,0.0,2.0206367407779333
c1,0.8,4.0,3.9999999999999996,0.9187116627604976,7.081288337239501
gamma1,0.35,0.7,0.3499999999999999,0.0,1.4688296810851982
gamma2,1.167,1.4,1.4,0.0,3.97104534826101
mu1,1.167,1.4,1.167,0.0,3.4927892631868627
mu2,1.75,14.0,14.000000000000002,3.740379817488824,24.259620182511178
T_perceive,0.5,20.0,3.583033719102715,0.0,43.380292951577786
sensitivity,0.005,0.2,0.014763835351736435,0.0,0.6127569870439883
dispose_rate,2.0,7.5,7.5,0.0,19.357620522530024
