x1,profile_sse,b1,b2,x0,c,c1,gamma1,gamma2,mu1,mu2,T_perceive,sensitivity,dispose_rate
14.0,669.809166529145,0.2,25.0,13.616787665934906,0.623715554308716,0.8,0.35,1.167,1.167,3.4891104397025243,1.2694811781527338,0.021328157182532812,2.0
14.1,665.1259718808964,0.2,25.0,13.808846791598771,0.5911766900453866,0.8,0.35,1.167,1.167,3.7955752878756712,1.3369925587495934,0.02162420419615867,2.0
14.2,659.909728506499,0.2,25.0,14.003633546028068,0.5619898856408717,0.8,0.35,1.167,1.167,4.153475365579153,1.4056031211300604,0.021895243457923413,2.0
14.3,654.8424418777233,0.2,25.0,14.186135822713158,0.5376479301486504,0.8,0.35,1.167,1.167,4.506058049866263,1.4752939119710111,0.022209222050171416,2.0
14.4,649.9125842813511,0.2,25.0,14.398949719712355,0.5118327637238478,0.8,0.35,1.167,1.167,4.8428161451559975,1.5496148219353134,0.02249755054558204,2.0
14.5,644.9877119329839,0.2,25.0,14.49999,0.5013830330914992,0.8,0.35,1.167,1.167,5.137944974319543,1.6149765364702509,0.023018639601332224,2.0
14.6,640.353027334937,0.2,24.99998472076819,14.592952885056333,0.4920261675881005,0.8,0.35,1.167,1.1708135249420626,5.269040492315134,1.6780673901923204,0.023642103633900874,2.0
14.7,637.0389157895386,0.19959552671493894,24.999975921444307,14.69997334324316,0.4806716966081751,0.8,0.3502171741246266,1.2818972480134945,1.1672163602292078,6.01559857948611,1.751306371619539,0.02365244815136993,2.000096000804565
14.8,633.6574444960575,0.2,24.680906334060385,14.799989996461099,0.4675487661094705,0.8,0.35,1.1799687618964847,1.185722639384707,6.7680503033457455,1.8694931706475475,0.024316335616592098,2.0000000000226947
14.9,628.2786521745062,0.2,24.99396320031142,14.899989996713716,0.46345712388614624,0.8,0.35,1.1711476977569621,1.1689937349354316,6.4383024354602645,1.91595438950967,0.02527062680498818,2.0000392396805498
15.0,625.129457964282,0.2,24.783124101553973,14.999872253696752,0.4493880511130803,0.8,0.35,1.2025691040424247,1.2199583375631973,6.745461821140256,1.9918929345314984,0.025606013019061447,2.0000017554646634
15.1,622.1681883117151,0.19989944782273578,24.863571284550652,15.09999,0.43957075381064586,0.8,0.350034839148397,1.3999996480347574,1.2383244790911065,7.139670264207946,2.067208867614804,0.025751250154569135,2.000000050243376
15.2,615.7423054120247,0.19999999999823428,24.999999437380467,15.19205687274672,0.41694050545319233,0.8,0.35,1.1670000027787555,1.1670031930287812,9.038327963310143,1.7595716002347659,0.02097930662379825,2.609619471776066
15.3,609.4315347674083,0.2,25.0,15.299990000000001,0.38065105719085895,0.8,0.35,1.167,1.167,9.71018041274554,1.3464240443458095,0.014997130021400646,3.980199549475183
15.4,600.8673729447809,0.2,24.9999999171397,15.387592379162898,0.37466853233885755,0.8,0.35,1.1670000003835979,1.167,9.744693138859924,1.3925962612445963,0.015320753249776302,4.020917243399321
15.5,593.6002649125126,0.2,25.0,15.493266202008888,0.36067041368991337,0.8,0.35,1.167,1.167,10.262910933252364,1.3553909453331725,0.014250692320548125,4.494903695078246
15.6,585.5123360806476,0.2,24.969830858116765,15.59999,0.34969241781000204,0.8,0.35,1.167,1.167,10.612964513289132,1.3563259106189314,0.013754957621995351,4.809307612934219
15.7,578.4010083442932,0.2,25.0,15.699988285676518,0.33720290947674175,0.8,0.35,1.167,1.167,11.215681884136696,1.3292672880310774,0.012825431487840502,5.343005457097569
15.8,568.0119362915647,0.2,24.526978328690618,15.799990000000001,0.3269107301216011,0.8,0.35,1.167,1.167,11.286485400220906,1.3696698008889676,0.012795326161577247,5.4106520967079454
15.9,557.6847419132406,0.2,24.01719176258292,15.8999697434113,0.31654336450337583,0.8,0.35,1.167,1.167,11.358840890930159,1.4116110445170673,0.012740815611370011,5.475870509151345
16.0,549.862590459566,0.2,24.553198692227525,15.99999,0.30680903849057223,0.8,0.35,1.167,1.167,12.402131834744848,1.375987908337526,0.011705193516809594,6.2281116026552175
16.1,538.6983511205158,0.2,24.11627139003224,16.09822120854644,0.29806293649242166,0.8,0.35,1.167,1.167,12.440684305518769,1.4252105408070066,0.01174374440828693,6.269143319498441
16.2,528.0580342530316,0.2,23.79621406538245,16.19999,0.2905264604792776,0.8,0.35,1.1671773044305487,1.167,12.470027162207513,1.4796140070808335,0.011850323024572855,6.30507332383884
16.3,520.4417984691665,0.2,22.90751939293733,16.299507055879026,0.2780290929351697,0.8,0.35,1.167,1.167,13.754236590626885,1.590420707265854,0.011931388894187479,5.809859005870194
16.4,530.5418669624015,0.2,17.800514723036535,14.574633107565734,0.2992387743453455,0.8,0.35,1.167,1.167,10.280028966651047,1.4292222655846376,0.010575759465317074,6.915591327025969
16.5,518.945945101247,0.2,17.702396281622708,14.69337673649092,0.29024454526313226,0.8,0.35,1.167,1.167,10.33497360726346,1.487754729042223,0.010667955200906873,6.9771882422840665
16.6,509.4987238791467,0.2,17.643149082517724,14.740602886036262,0.28521548312428036,0.8,0.35,1.2674326699634826,1.1670959303342363,10.356261358105828,1.540564127770727,0.010747214573755179,7.008560992914976
16.7,494.52601230107575,0.2,20.979652027286775,16.63933777401148,0.2341494147398436,4.0,0.35,1.167,1.167,13.999999919637093,2.449526832744422,0.014460925554147531,7.499999999992242
16.8,474.13070889782756,0.2,20.801059538604196,16.733789421610993,0.22940200674429218,4.0,0.35,1.167,1.167,14.0,2.600702367263054,0.014863728077368188,7.5
16.9,455.1533541230364,0.2,20.872589712801982,16.89935089008424,0.22532978649122073,4.0,0.35,1.1728482679267276,1.167,14.0,2.7492390886806297,0.015354665398681258,7.5
17.0,437.39122573946224,0.2,18.979179910350805,16.229525069180138,0.22304538534502663,4.0,0.35,1.1670004205595135,1.167,14.0,2.890197245934452,0.015047226552727154,7.5
17.1,421.19858334868104,0.2,18.939004190518435,16.314041966548274,0.21999890995286542,4.0,0.35,1.1670026000439242,1.167,14.0,3.0388167247329267,0.015487587931549723,7.5
17.2,408.3290482428736,0.2,18.66756161858634,16.226137400643392,0.21680613254552852,4.0,0.35,1.3996233240960672,1.167,13.999965589718705,3.179628954481411,0.01552938549184888,7.5
17.3,399.00047342616165,0.2,16.760039920842658,15.293841638773058,0.21595864081081745,4.0,0.35,1.3952511943367727,1.167,14.0,3.3160944977105413,0.015035640480397083,7.5
17.4,394.78327802255467,0.2,14.958277954046364,14.18903477325671,0.21655553846750752,4.0,0.35,1.3693787546360938,1.1670005016631715,14.0,3.434790694880194,0.014462754086751456,7.5
17.5,393.17231210585504,0.2,14.914134810439126,14.23119269297713,0.21318656308642644,3.992911730854502,0.35,1.3999999756446542,1.167,14.0,3.604499422185706,0.01481514093452146,7.5
17.6,394.65560454496796,0.2,14.905792935958301,14.234103212217073,0.21285401580014904,3.17447381040839,0.35,1.3999993798757182,1.167,14.0,3.601471242031673,0.014782081132743869,7.5
17.7,397.0204731473369,0.2,14.943184946729467,14.302990732833452,0.21126873647046826,2.7200670117458308,0.35,1.3967077166179924,1.167,14.0,3.6386405811595104,0.01485600560591833,7.5
17.8,399.9244911404701,0.2,14.745139742213558,14.148918283848205,0.21180629727873979,2.2889148942565694,0.35,1.399999993973376,1.1670005396195544,14.0,3.599876095888551,0.014617787312070004,7.5
17.9,403.6198790109327,0.2,14.531964789859977,14.00756519864736,0.2113532480681742,2.0446564671884335,0.35,1.4,1.167,14.0,3.6126604002785236,0.014494341802430703,7.5
18.0,408.0159334345265,0.19999974382695418,14.492036783305005,13.996350014914514,0.21064333346470118,1.8078150548489096,0.35,1.4,1.1670009028012795,14.0,3.6032667266191667,0.014395685951715177,7.5
18.1,413.26787297753816,0.2,14.4519959133568,14.018867271270075,0.20829164970605776,1.7174398593722198,0.35,1.3999437484510753,1.1726314149938886,14.0,3.6934209962331415,0.014554855913291037,7.5
18.2,418.78194892962676,0.1997196725332924,13.316660640315275,13.02233662775572,0.21139580718714707,1.5296716728492428,0.35030061154650366,1.3812426808400462,1.2068331006328379,13.9357418055548,3.5589058465295715,0.013571681220567375,7.499996215075268
18.3,424.5967594209698,0.2,13.295328310511136,13.034135495053063,0.20928597254651654,1.4446325915194569,0.3500000000392825,1.4,1.2102118171955425,13.942088071696883,3.628234910841783,0.013645287841593712,7.5
18.4,430.63506789313,0.2,13.264326149689197,13.049819142449243,0.20647888744274803,1.3577558584449883,0.35,1.3999926885831893,1.221904151527344,13.95158115444924,3.685338012714904,0.013681551483630539,7.5
18.5,437.1132639104336,0.2,13.250837954495195,13.053046642248427,0.2052433525777217,1.2847768241098976,0.35,1.4,1.2293863207394187,13.960828743900104,3.7303604281841776,0.013745344832488007,7.5
18.6,445.29541523284706,0.19335854658362514,13.233511009144921,13.064564656752019,0.20250998866592188,1.2731238175356865,0.35,1.3999990580491541,1.239264232847137,13.968642111176766,3.8615688353297557,0.01403100857394928,7.499997035319244
18.7,453.11263702323174,0.18309345232303126,13.207591792810211,13.078795709056756,0.19940683380075788,1.191905639500645,0.35,1.3966841677689406,1.2445669078809762,13.972659773932408,3.8998131101543936,0.014015903654938008,7.49292663778121
18.8,457.5960071625402,0.2,13.016058504505036,12.839385268591261,0.20480496473746063,0.9738712881415212,0.35,1.4,1.2281103467206045,14.0,3.6123176013214935,0.013059286854994625,7.5
18.9,465.43322552846905,0.1907592991544402,13.004050761629523,12.844778179456162,0.20230377693940493,0.9194199973918091,0.35,1.4,1.2346909566228053,14.0,3.637111678266613,0.013018773615264285,7.5
19.0,472.20414335857345,0.19999969662370876,12.887154724459753,12.771053934592125,0.20086581516336285,0.927704551696213,0.35,1.399999648054891,1.254137416338573,13.999999984803152,3.791128859741277,0.013327990065368944,7.5
19.1,478.0443663991699,0.2,11.684192852340463,11.311199237665878,0.2081348800105222,0.8541287584017688,0.35,1.3953427030256158,1.3761725082513103,13.999441693180275,3.5413399873330342,0.01207306412106619,7.444245849323912
19.2,484.3993446585564,0.19998715333591607,11.572829548485474,11.255767338348331,0.20687519893707104,0.8404059766696123,0.35000731377711397,1.3704253114612577,1.3413987685765816,14.0,3.6651505995501807,0.0122410936499207,7.449115923994171
19.3,490.4131979977191,0.2,11.581665306178452,11.232879467770008,0.2056036780397541,0.8183033731708819,0.35,1.4,1.3421134572818598,14.0,3.706688811470224,0.012224976389497395,7.4948998145209424
19.4,495.3042579659708,0.2,10.67427302493735,10.099315896580062,0.22528091441192824,0.8,0.35,1.4,1.167,14.0,3.586739574590453,0.011466311507602573,7.5
19.5,501.98387981879057,0.2,10.635390856988613,10.063556628264605,0.22367365027439806,0.8,0.35,1.3999999996213823,1.167,14.0,3.7054940028521566,0.01169280756529865,7.5
19.6,508.9852053922781,0.2,10.606412759511064,10.039775986401622,0.22209115982073913,0.8,0.35,1.4,1.167,14.0,3.8275207924826775,0.011933247726502894,7.5
19.7,516.0877667937738,0.2,10.379339108524295,9.72224410486537,0.2241614198893154,0.8,0.35,1.4,1.167,14.0,3.894314899106952,0.011911839257824703,7.5
19.8,523.2883774226266,0.2,10.34926531396052,9.694251962169389,0.22234506830617604,0.8,0.35,1.3999999851585212,1.167,14.0,4.020164736828343,0.012143055709144202,7.5
19.9,532.0717220109797,0.161583012442296,10.367213490982822,9.639686672431333,0.21711439081261893,0.8,0.35,1.3999987210667042,1.1925828936558778,13.994900488758434,4.1172352157524434,0.012362048968196695,7.49279594368967
20.0,538.4226994744739,0.2,10.287876464173474,9.629702298011276,0.219500361906546,0.8,0.35,1.4,1.167,14.0,4.275139350039631,0.012615908176425961,7.5
