x1,profile_sse,delta_sse,b1,b2,x0,x1,c,c1,gamma1,gamma2,mu1,mu2,T_perceive,sensitivity,dispose_rate
14.0,1023.2028183394684,620.836374422114,0.2,6.562860102009713,10.014017036037927,14.0,0.6506493582901921,0.8,0.35000003935407636,1.167,1.206175796902302,1.75,0.9922320775111428,0.008572916910182804,2.0
14.1,725.0295437605542,322.66309984319975,0.2,25.0,11.985676826405305,14.1,1.8831055959405145,0.8,0.5019699075385734,1.3151191995823475,1.4,13.976997978710344,1.3329145200728187,0.023163645758535367,2.0
14.2,1120.617460834916,718.2510169175616,0.19750885515283434,5.669502403414884,9.78101721753925,14.2,0.46083099878108835,0.8000001041304518,0.3512797807418459,1.167,1.399988410148391,1.75,1.5111800731557734,0.008691140964428565,2.0000850414232842
14.299999999999999,1381.3837711081887,979.0173271908343,0.2,7.63827204191194,11.603593688542901,14.299999999999999,0.3059823738444215,0.8,0.35007999790838573,1.3999999380516752,1.1673127261801526,14.0,13.821038055633817,0.03503526027106445,2.0
14.399999999999999,1425.408580897823,1023.0421369804685,0.2,8.53911434985369,12.619508078694617,14.399999999999999,0.247073365148434,0.8,0.35,1.167,1.167,1.75,15.493587934073712,0.04049526861825388,7.494175068582595
14.499999999999998,1393.1812601291745,990.81481621182,0.2,9.688944696061004,14.028930049034724,14.499999999999998,0.22252931563387665,0.8006883836010273,0.3502679325494483,1.167,1.170712367237423,1.75,15.493598584316098,0.044875550610360984,7.496792433687787
14.599999999999998,688.9180101977273,286.5515662803728,0.2,24.999999973836857,12.097394062816358,14.599999999999998,2.0,0.800021584824429,0.35,1.16700004190258,1.4,13.449161362426592,1.5450567460171192,0.027273116681899207,2.038527113931964
14.699999999999998,691.0851275663581,288.7186836490036,0.2,24.25478616779126,12.18061780186552,14.699999999999998,1.8581266589000898,0.8004721299134903,0.35,1.1670000068706767,1.1780089837760688,13.785635901607126,1.6247795051228846,0.02803522237014757,2.000405304370917
14.799999999999997,1824.1200606520579,1421.7536167347034,0.19999172125098535,5.0,7.062142783729636,14.799999999999997,1.9999997635719446,0.9117198241516632,0.350006731211012,1.4,1.1739320321510927,13.389197012520599,4.72529317483443,0.0058595623606749764,3.1747770405283378
14.899999999999997,1511.4588467801468,1109.0924028627924,0.2,8.198017731386672,11.954984128217827,14.899999999999997,0.2425204397306842,0.8,0.45357802644843,1.387438020334792,1.3251390783138306,10.251371371054699,15.29080852872827,0.037575992546077804,2.7444751969573584
14.999999999999996,692.4729639923147,290.1065200749602,0.19980935444301057,11.718628923911051,10.694795974104286,14.999999999999996,1.9999999777755995,0.8,0.3500865620632292,1.167001968597745,1.3219690511901236,1.7500002047598604,0.7533267250446067,0.014351863747096183,4.914624455222061
15.099999999999996,1041.1415862852737,638.7751423679192,0.19992690821997613,10.420194751029285,14.253604280119953,15.099999999999996,0.28924422089183516,0.8004606357498657,0.3679708451479279,1.167,1.4,1.75,5.5073754105407895,0.036795501794715704,2.0000021892853357
15.199999999999996,994.492057311049,592.1256133936945,0.2,11.986213839470413,15.076426258304217,15.199999999999996,0.28149430167252365,0.8001940916487419,0.3702335467101606,1.167,1.3999082189550356,1.75,5.138460233313263,0.03681425471724385,2.0
15.299999999999995,641.7265845548976,239.3601406375431,0.19990870646885284,22.299895405125284,14.257143552438395,15.299999999999995,0.4227960545656205,0.8,0.35000107476959386,1.1670005326856219,1.2761513350063318,11.996300914473498,1.3765182930289253,0.014878560178470545,3.7695845596775053
15.399999999999995,1125.7686827390567,723.4022388217022,0.2,10.872323415648399,15.067493657193864,15.399999999999995,0.27247882639977467,0.8,0.35,1.167,1.1914567200675972,1.75,19.580067504143766,0.11939741797439947,2.0
15.499999999999995,1108.0875364728702,705.7210925555157,0.1999971747999547,22.878616820226952,12.396214705891886,15.499999999999995,1.2186412014275627,2.6641779618034223,0.3944952249698723,1.17729106883765,1.2172394540120948,8.876774515785906,1.3961415317165653,0.02764501696384218,2.355493387230299
15.599999999999994,1325.4318784939037,923.0654345765493,0.2,6.417552492380839,11.147391823394992,15.599999999999994,0.2739771368431268,1.2148612598739634,0.43813426202997513,1.2677772634411864,1.3415031286259824,9.920000715978063,11.984627904204912,0.04902219065379729,2.0020941205131675
15.699999999999994,986.2984528860111,583.9320089686566,0.19999555424652046,10.672569831697448,14.581363310289806,15.699999999999994,0.26489850922332914,0.8,0.3500033379728672,1.167000313946484,1.4,8.872965157143074,7.032978071934494,0.03781901673240681,2.0
15.799999999999994,618.659389070646,216.29294515329144,0.19957390409219405,19.351119015783432,14.622431106365182,15.799999999999994,0.4160477914017752,0.8583805536838058,0.3500374407299409,1.167195717779241,1.2311230494590106,9.641432702372727,2.504633144020099,0.027380035873859798,2.1351684671520443
15.899999999999993,757.4862635621517,355.11981964479725,0.2,19.844018404049372,13.222015585580717,15.899999999999993,0.6333641988327576,3.972433957558775,0.35,1.167,1.3675177522635316,1.75,1.6132390565231385,0.03288941326363115,2.0002389373580884
15.999999999999993,958.3246736459784,555.9582297286238,0.0010397565906826826,9.404781344176497,9.445044346345327,15.999999999999993,1.0635398201825206,3.619834083588737,0.6598847352525197,1.169611942869354,1.3526451305722884,4.790545350207681,1.1085248186262204,0.012035665479661277,6.25984798845788
16.099999999999994,778.8715531554199,376.50510923806536,0.2,11.753629870561719,11.842582974923278,16.099999999999994,0.5582500473001499,1.848157681768332,0.35,1.167,1.3635252707862728,7.1019215338746395,1.7331131484582896,0.020520324541152893,2.8265251043736033
16.199999999999992,762.1348203534873,359.76837643613277,0.128546602967365,13.866614706014573,13.345297347244205,16.199999999999992,0.34127332219791595,2.6113088985823576,0.6921377995804947,1.2751291120915944,1.399999883527738,4.526743964645999,1.966134982511037,0.021912640479384196,2.9880305334863344
16.29999999999999,609.3799775316738,207.01353361431933,0.1970004403241374,14.768265470223449,14.105063803966734,16.29999999999999,0.38122507246659554,0.8154361644859476,0.351731797870732,1.3017364169330243,1.4,3.630152930983175,2.5896965982694833,0.028757928363364906,2.1723535927753166
16.39999999999999,618.2609611827319,215.89451726537737,0.2,11.78471147853991,12.507418093550914,16.39999999999999,0.42371795999847406,1.1847613858797252,0.350016123735529,1.3999995408625194,1.3989631183834537,2.2430484467028347,1.7035388274852306,0.020897635369679625,3.3227406731121683
16.499999999999993,631.6944985661107,229.32805464875622,0.2,18.263081050742965,14.494775708616517,16.499999999999993,0.4070153288271764,3.4391406091554773,0.3500002323743354,1.1774671908982868,1.3601908172723816,2.265683084748818,2.4153139937754085,0.03465390114601007,2.3994801707542255
16.59999999999999,520.032606096456,117.66616217910149,0.2,17.551411600771026,14.299459159146103,16.59999999999999,0.2806326291611724,0.8,0.35,1.3627638416230894,1.254957522814573,12.030621000622151,1.4386262112620187,0.009327093195163743,7.499997828026543
16.69999999999999,544.953774469171,142.58733055181648,0.17009970798418886,13.235875695155503,13.629046156702852,16.69999999999999,0.28631722390500614,3.9999962461917553,0.37456074297372943,1.167830386072205,1.2021005130923403,5.638190252631575,2.1409243563747427,0.015941248826801663,7.361247316080716
16.79999999999999,489.21713775381534,86.85069383646083,0.2,18.424360419655514,15.923354547170641,16.79999999999999,0.21651758284783562,4.0,0.4337641895251332,1.3998569750534273,1.389700942811947,12.211116067039882,2.5073630864131267,0.01388070181363644,7.499999659468632
16.89999999999999,602.4207747238103,200.05433080645577,0.0027831805207513276,23.937602325339682,16.852172105878612,16.89999999999999,0.2490854069098887,2.2203464487130855,0.6295235515778895,1.4,1.399886057475542,9.300107686596762,2.4569135518047167,0.021997771968083665,4.404605753879628
16.99999999999999,486.62655845658236,84.26011453922786,0.19999742494017764,20.71669129825739,16.836378040219387,16.99999999999999,0.2413245998682722,3.9778516667058805,0.3500015920027562,1.4,1.3957606264868474,7.2525315908647014,2.625303085811623,0.01946136335816494,7.5
17.099999999999987,432.21191201157825,29.845468094223747,0.2,15.97989197460619,14.999336414216721,17.099999999999987,0.23337333880378888,4.0,0.35,1.1670301939784178,1.167,11.651854685026539,2.928567119430737,0.015103278251459747,7.421616606556913
17.19999999999999,572.7877475523402,170.4213036349857,0.2,16.60267436366503,15.136973998638846,17.19999999999999,0.3454083558420488,2.421827494285008,0.35000001977645234,1.396622079132051,1.359478222320509,2.8915237870492114,3.8016721219002516,0.042305385647213825,2.1528666995258128
17.29999999999999,577.2608492938944,174.89440537653985,0.2,16.55705872060263,15.43770017445195,17.29999999999999,0.31368245345986373,2.409590950486493,0.4526211139252756,1.4,1.3159990950946656,2.967048479923179,3.833048984303629,0.039778839261068635,2.3937603464513963
17.399999999999988,573.7296129535382,171.3631690361837,0.1442956710032507,15.85147946862359,15.022738426195538,17.399999999999988,0.31295449440120277,2.4898295827451578,0.6297404797474915,1.3981990467676637,1.3606437248445886,5.185109209074574,4.7480338626512575,0.04580316690547455,2.0003782293120627
17.499999999999986,455.8186482921228,53.452204374768314,0.2,20.15373641390532,17.436516970994376,17.499999999999986,0.23814821195465366,4.0,0.3500420135150976,1.1927379925757409,1.1674849645537533,13.867575905171593,4.558649655836012,0.02920116206634573,3.9669736949958563
17.599999999999987,438.11925796163655,35.75281404428205,0.2,14.595357182285774,14.705552219015104,17.599999999999987,0.21962557515001827,2.565332280217205,0.35063993742469307,1.399677917221438,1.3992546599401472,14.0,3.8535754854712354,0.019293977594025347,5.175170769706297
17.69999999999999,408.2092403201202,5.842796402765714,0.2,16.65361298683199,15.630177920329377,17.69999999999999,0.20624667762770588,3.985280974543738,0.35,1.187773438038356,1.167,13.979090639414439,3.962161874889267,0.017005302776776886,7.499979496555916
17.799999999999986,402.3664439173545,0.0,0.1999996937688372,14.405255451817528,13.970817650607836,17.799999999999986,0.20213340168574664,2.7883826727299597,0.35,1.399998782104751,1.2983066138349035,14.0,3.798068982465575,0.01482399046484351,7.5
17.899999999999984,404.85122583508195,2.484781917727446,0.2,15.441800826244538,14.688147799444799,17.899999999999984,0.2094511648788532,1.95125128998656,0.35,1.4,1.167,14.0,3.5990001601905828,0.014927735788104282,7.5
17.999999999999986,492.45801600594757,90.09157208859307,0.1994675988388286,13.720192247169223,14.926800831084515,17.999999999999986,0.2403322035788785,3.211641370588713,0.3500003412992392,1.3827009927573661,1.3701013795380532,13.162345796442754,5.718071770612595,0.0325736362548667,3.5319280887741455
18.099999999999987,484.92384060394943,82.55739668659493,0.0010579234215294898,9.354838540448961,9.113656448628229,18.099999999999987,0.22680602724910717,2.316292935804569,0.699969509883817,1.2079312755326654,1.399982088368784,12.11529886330994,3.7059358436383123,0.01424458378634027,5.993692355424751
18.199999999999985,489.24701658485924,86.88057266750474,0.0026355584217238846,9.357572648852667,9.103842865259066,18.199999999999985,0.22668557554336252,2.0226731218383898,0.6997517485397696,1.2205396838267413,1.3999810520859348,12.290171915788386,3.70266870525018,0.01423723409647111,5.947162546019453
18.299999999999983,451.71800761612076,49.351563698766256,0.18307698918148974,9.744401852235413,9.234585071732031,18.299999999999983,0.26619212616566107,1.592327228693133,0.35647265597169175,1.3999544441499832,1.1743375289840936,12.295103016645765,3.1929969990741154,0.011045413106427237,7.499999973857283
18.399999999999984,466.32968690213517,63.96324298478066,0.19995168874133826,17.96901951699253,16.549334155660375,18.399999999999984,0.19360147628824326,0.8710823808597519,0.3500268497539513,1.4,1.399879623849885,13.876477839765986,3.2958793627290657,0.014863894114810315,7.080381456469531
18.499999999999986,518.7961884267762,116.42974450942171,0.19999061115726416,9.05716794866261,10.10023971528714,18.499999999999986,0.2483412055325475,3.425151875478656,0.3500049442617783,1.168329723203788,1.3025458275289619,10.229144233504575,4.71094996249683,0.016977256816804297,6.254558594324323
18.599999999999984,540.2187512636212,137.85230734626674,0.19077007333589505,8.892035574689318,10.474581650532045,18.599999999999984,0.24897089181672286,3.3921466237521285,0.35476066455174,1.169359808146579,1.3896478685643805,10.816252465351571,5.313844622627297,0.021201725742683718,5.047105295731561
18.69999999999998,463.1367514117878,60.770307494433325,0.19942191331322084,11.233039162444426,11.309008866866861,18.69999999999998,0.22021894611323622,1.0892079667250785,0.35,1.3995407240663602,1.3995997857350337,11.833984164604297,3.4195868415370825,0.012417172971141708,7.499769426057794
18.799999999999983,465.94494162376276,63.57849770640826,0.19770796154150566,14.555009185444655,14.304242160105982,18.799999999999983,0.19026199908190372,0.9494899196469824,0.3512801356072648,1.4,1.3999637593322278,13.916497822022816,3.6945077486810853,0.013957629859717527,7.5
18.899999999999984,517.1342692844474,114.76782536709294,0.1999994801334603,8.490801772065362,6.923687564525382,18.899999999999984,0.2871779565859015,1.4924978868274714,0.5538197366295168,1.1670001174860178,1.3999981484208057,12.895094566686298,3.5895295236858797,0.010621248416537955,7.5
18.999999999999982,562.327450444875,159.9610065275205,0.2,19.920901298886132,17.272332963036156,18.999999999999982,0.27544501524987,1.4798962901801196,0.3511455808816463,1.4,1.399988978034567,13.792020982381981,13.587943913824105,0.1011183463915751,2.000154469315272
19.09999999999998,558.0050249875699,155.63858107021537,0.2,16.138578871806978,16.563779561526506,19.09999999999998,0.23824776955753602,1.1279429990483507,0.35,1.3569931066708572,1.1813319643289402,13.999999980884237,7.97743193908944,0.04702101481960548,3.0419190052494804
19.19999999999998,578.0549038989341,175.68845998157957,0.19999565179645515,12.419976906073215,14.497101727861144,19.19999999999998,0.2879754183918037,1.1373942548784743,0.35000087623973186,1.3999036900160544,1.167003439876587,9.825360957896725,7.9200640952911865,0.0522629236586922,2.5643822594835406
19.299999999999983,558.6017356665737,156.23529174921924,0.16549642307143617,8.875936718752673,8.999202208846508,19.299999999999983,0.24006126121777746,1.635219972017309,0.36610819108470566,1.3661033546318877,1.3999999744261988,12.30770485389542,5.008974101798495,0.016455148228295084,6.070131991206229
19.39999999999998,574.7097619139972,172.34331799664272,0.2,16.329317827086605,16.075359918435232,19.39999999999998,0.292687950058996,1.373692621818216,0.35,1.3999699518250572,1.167,13.442145823268865,15.564832644574432,0.1114104827831454,2.00000331134547
19.49999999999998,581.4034328262719,179.0369889089174,0.2,15.793257056860055,16.087723417117214,19.49999999999998,0.280266965004715,1.3773125737280887,0.35,1.3997346033634148,1.3947789661639574,12.61234684493135,15.97228992507352,0.11250310805230664,2.0
19.59999999999998,580.3460332044953,177.97958928714075,0.2,12.64643145660587,14.569802328243094,19.59999999999998,0.21073641370600837,0.8870401773544028,0.485461917709682,1.3852292741833945,1.3988400925542217,13.999998260262716,6.856224684547077,0.032861717894904593,3.765550224586693
19.69999999999998,583.2819012768043,180.91545735944982,0.2,16.242786667263367,16.327622190827334,19.69999999999998,0.27638609477448395,1.277173372883665,0.35,1.3711801681433293,1.2053118968514278,13.059456279415183,15.340359301273441,0.10534714137131673,2.1157068233640985
19.79999999999998,583.8789042475834,181.51246033022886,0.2,16.08155278754795,16.074971821527694,19.79999999999998,0.288776820865865,1.1099506258463339,0.35,1.3998528283613028,1.1676199925407924,14.0,17.30227920497911,0.12099473191073777,2.000294489071406
19.899999999999977,560.0475483836549,157.68110446630038,0.19999905469153656,13.761603928368292,14.277257074435616,19.899999999999977,0.17938881023824918,0.8,0.3500004876583923,1.3999686532761932,1.3657910175298764,14.0,5.152989483173786,0.017459303605336745,7.03568394228225
19.99999999999998,572.8302309870579,170.46378706970341,0.2,13.671803116649594,14.43336319084598,19.99999999999998,0.18419021315477271,0.8,0.35,1.3987217451962013,1.2688320470385657,13.99999731169231,5.500519092421218,0.019170753817360404,6.6003368764129915
