x1,SSE,b1,b2,x0,c,c1,gamma1,gamma2,mu1,mu2,T_perceive,sensitivity,delta_SSE
8.000001,20980.13211489918,2.586596180435245,8.96095107793284,7.5,5.0,0.026626222823235714,0.6729087369826788,1.1222041259271374,1.4,1.0,0.10000000000000002,0.003005767085309943,6755.84417987354
8.200000999999999,20285.05742461817,2.324332566740493,11.653430436374764,7.699999999999999,5.0,0.05429487154190975,0.35,1.1564322227611394,1.312209519566814,1.0,0.1,0.003484596691768156,6060.769489592531
8.400001,19724.212421233387,2.275885783553263,14.754974950166764,7.900000000000001,5.0,0.0715213543167288,0.35,1.1665527845027222,1.014974024186849,1.0,0.1,0.003976606291717968,5499.924486207747
8.600000999999999,19420.108572881985,2.2668875949016245,16.378140574276667,8.1,5.0,0.08331449896367012,0.35,1.3454663259834247,1.0,1.2332065965576018,0.1,0.003923095115813863,5195.820637856345
8.800001000000002,19175.360591873992,2.2438384353324574,17.047538744488726,8.3,3.8184186724452496,0.08901699327559974,0.35,1.4,1.0,1.3151164581652217,0.20818923430091055,0.0039280763519974286,4951.0726568483515
9.000001,18988.04195234068,2.2271800076524566,18.13835644177153,8.5,2.618793673611013,0.09399471344142393,0.35,1.4,1.0,1.3022309046734681,0.35148796144458316,0.004072070528373183,4763.754017315041
9.200000999999999,18868.659606171062,2.2086541834436493,20.935469241289976,8.7,1.701559305078152,0.06732017155041554,0.35,1.325328492119881,1.0,1.0,0.6633407853685991,0.004624610259674808,4644.371671145422
9.400001,18717.71136389201,2.206563268733131,24.41159567694236,8.9,1.4867353983017406,0.07296864176773259,0.35,1.4,1.0,1.0314478013322226,0.7714872407135194,0.004912628058638148,4493.423428866368
9.600000999999999,18578.883220908967,2.2058207189533814,28.799566446009592,9.1,1.3100213966569128,0.0830622337944301,0.35,1.4,1.0,1.0,0.9044366590226471,0.0053408850798908215,4354.595285883326
9.800001,18460.54589486601,2.205717877227674,33.70771154788787,9.3,1.1993693750548782,0.10045262092022672,0.35,1.4,1.0,1.0,1.004630046628275,0.005736865641365061,4236.257959840368
10.000000999999997,18353.78687095874,2.2046659302395595,39.75562315671628,9.5,1.1187507931066891,0.11737816811647761,0.35,1.4,1.0,1.0,1.1052605398733817,0.006166639809695135,4129.4989359330975
10.200000999999999,18249.42852233685,2.202674301839095,47.23199767299546,9.7,1.0586304437833183,0.1339537563801087,0.35,1.4,1.0,1.0,1.2069399631239222,0.006630481355549506,4025.140587311209
10.400001,18140.823643075702,2.199844750750854,56.52875571673279,9.9,1.0131627707922535,0.15029029966587357,0.35,1.4,1.0,1.0,1.3103892601863691,0.007129812081339678,3916.5357080500617
10.600000999999999,18023.196068769805,2.1963324698079347,68.17933581959471,10.1,0.9785910447041393,0.16648820784341348,0.35,1.4,1.0,1.0,1.4163860372966326,0.007666932059836359,3798.908133744164
10.800001,17741.34936654913,2.463181856172341,85.97007568186415,10.300000000000002,0.8910886727872877,0.15115526777360044,0.7,1.4,1.0,1.0,1.7473093725637734,0.008156997041547778,3517.061431523489
11.000001000000001,17553.174882758867,2.452492527325728,100.0,10.499490261199838,0.8735318816993959,0.16358510230523282,0.7,1.4,1.0,1.0,1.8641679417380337,0.008609415404473396,3328.8869477332264
11.200000999999999,17526.527371635013,2.452052466140579,100.0,10.51118318566467,0.8724813441261288,0.1656754842988673,0.7,1.4,1.0,1.0,1.8767493900408607,0.008660696911162037,3302.239436609372
11.400001000000001,17499.180628906877,2.451609995433767,100.0,10.522797853341476,0.8714382670373092,0.16781689813257017,0.7,1.4,1.0,1.0,1.8896399765911254,0.008712927102662572,3274.8926938812365
11.600000999999999,17471.121261190106,2.4511631161152856,100.0,10.53433225420668,0.8704015523281018,0.1700111017652482,0.7,1.4,1.0,1.0,1.9028598546627735,0.008766122354709423,3246.8333261644657
11.800001,17442.337214070674,2.450712524477021,100.0,10.545769739683795,0.8693730057531334,0.17226013928919276,0.7,1.4,1.0,1.0,1.9164194662235066,0.008820298485979443,3218.0492790450335
12.000001000000001,17412.81816597411,2.450256855669617,100.0,10.557094816178813,0.8683534481187903,0.1745663306161444,0.7,1.4,1.0,1.0,1.9303274624172833,0.008875467577985085,3188.5302309484687
12.200000999999999,17382.55585943861,2.449797128519513,100.0,10.568295227985391,0.8673442124057019,0.1769318796621518,0.7,1.4,1.0,1.0,1.9446002079672224,0.008931646081876604,3158.2679244129686
12.400001,17351.54471082464,2.449332512246784,100.0,10.579351232526342,0.866347300870055,0.1793592769913298,0.7,1.4,1.0,1.0,1.9592483708746078,0.008988847590397992,3127.256775799
12.600001,17319.781140157218,2.4488635474515257,100.0,10.590244980255685,0.8653647617332646,0.18185131528673062,0.7,1.4,1.0,1.0,1.9742829292941844,0.009047083419878709,3095.4932051315773
12.800001000000002,17270.452762356097,2.1596150688895452,66.78133410640862,10.413228606967039,1.1004799025858063,0.26721700984833546,0.35,1.4,1.0,10.0,1.959835483071955,0.007683368470489123,3046.1648273304563
13.000000999999997,17180.095254895372,2.158758332617644,66.27677709012953,10.415253878077868,1.098402304122028,0.26985862273212696,0.35,1.4,1.0,10.0,1.9905380197826095,0.007751710648150045,2955.807319869731
13.200000999999999,17091.04593434431,2.1578472371086668,65.7929634685559,10.417153026923115,1.0964242151434476,0.27257700438156884,0.35,1.4,1.0,10.0,2.0223712883357257,0.007821470088278226,2866.75799931867
13.400001,17003.790563021426,2.156877845613924,65.40552308877278,10.42017239524622,1.094244293639238,0.2754187545797752,0.35,1.4,1.0,10.0,2.0562390849007324,0.007896189882661667,2779.5026279957856
13.600000999999999,16918.879529798,2.155843472360734,65.0820513204057,10.42385071868814,1.0919917694188683,0.278366406598313,0.35,1.4,1.0,10.0,2.0919136644815937,0.007974562266806932,2694.591594772359
13.800001,16836.91889950217,2.1547469328304985,64.82000988949918,10.428158010232998,1.089684747907651,0.2814236742666221,0.35,1.4,1.0,10.0,2.1294321971500962,0.008056597264679924,2612.630964476528
14.000000999999997,16758.612399083606,2.1535696701591367,64.62288728918263,10.433266483686893,1.08729812646368,0.28459108754978957,0.35,1.4,1.0,10.0,2.1690266283893176,0.008142588303023914,2534.324464057965
14.200000999999999,16684.728384149792,2.152321897054051,64.47965411604712,10.43895873635844,1.0848808374735623,0.28787052944626007,0.35,1.4,1.0,10.0,2.210527941140814,0.008232103636318933,2460.440449124151
14.400001,16616.132129243146,2.150983279657901,64.40603272925846,10.445659468159134,1.0823604518588017,0.2912663785739215,0.35,1.4,1.0,10.0,2.254405178020909,0.008326041248435986,2391.844194217505
14.600001,16553.784340879345,2.1495597530820985,64.3731202866352,10.452803076961974,1.0798718679116843,0.2947688159932872,0.35,1.4,1.0,10.0,2.3002974003991365,0.008423080990690501,2329.4964058537043
14.800001,16498.74419853515,2.148030165154091,64.40090346523138,10.460942790279809,1.0773060626536157,0.29838602369350337,0.35,1.4,1.0,10.0,2.3487092173527166,0.008524292279700045,2274.45626350951
15.000001,16451.28227194022,2.164172706600506,64.24089794024695,10.47002094404054,1.0679091703685282,0.3016235166765599,0.37106264558108687,1.4,1.0,10.0,2.4039190708628833,0.008606677583820485,2226.9943369145803
15.200000999999999,16407.376862073765,2.1988504933567894,63.96590826428811,10.480774669739107,1.0517577733942536,0.3044895153555356,0.4143004346923068,1.4,1.0,10.0,2.4665706978676325,0.008673012465391075,2183.088927048124
15.400001,16366.18149502789,2.2379360797827985,63.87174778009388,10.494394789301635,1.0343785122007496,0.30743055834321825,0.4630246167030712,1.4,1.0,10.0,2.5341855763859855,0.008746846624553922,2141.8935600022487
15.600001,16327.25017231076,2.282597797726119,63.99153616199889,10.511460115696234,1.0155562700714678,0.3104364040189901,0.5187137102301367,1.4,1.0,10.0,2.607552887057736,0.00882945250345878,2102.962237285119
15.800001,16289.749754788292,2.3344436746731074,64.42163827097734,10.533396872122292,0.9949421065312912,0.31351560321886063,0.5834011774375079,1.4,1.0,10.0,2.6882966110286644,0.0089251641137206,2065.4618197626514
16.000001,16252.200379200396,2.3965081868141924,65.31594557177893,10.56240885683207,0.9718790993462341,0.31666694092432274,0.6609185999798199,1.4,1.0,10.0,2.778992308720891,0.009040257740135933,2027.9124441747554
16.200001,16215.112013018272,2.4265150571255214,66.24013983251328,10.586770429403348,0.9597423245472746,0.3205419742888082,0.7,1.4,1.0,10.0,2.8614894751052815,0.009177069723302867,1990.824077992631
16.400001,16191.571614144123,2.424192045808038,66.86415325013726,10.603271941754588,0.9576635421667615,0.32502605036266297,0.7,1.4,1.0,10.0,2.933296894266998,0.009319055427534063,1967.2836791184818
16.599999,16185.103840127458,2.4216982878124114,67.54283844141445,10.62123282890455,0.9555058718669059,0.32962779479264454,0.7,1.4,1.0,10.0,3.0088075739305546,0.009465606957768736,1960.8159051018174
16.799999,16197.438170139196,2.4218808976212927,68.32005098040122,10.648576898151553,0.9481194684197911,0.33422697833853976,0.7,1.4,1.0186012116189918,10.0,3.0984914249797972,0.009624819222816456,1973.150235113555
17.000001,16203.37765534783,2.480847921333973,79.52138464673683,10.925584297013053,0.8603194140938387,0.3403293441685934,0.7,1.4,1.3999717350356182,10.0,3.472246127271639,0.010398522766966928,1979.0897203221884
17.200001,16166.785249097462,2.4783588880094314,82.73979743857973,10.969436908640064,0.8580094315448166,0.346079933649441,0.7,1.4,1.4,10.0,3.582567552546225,0.010674855415607434,1942.4973140718212
17.400001,16147.222520455476,2.4757638550730783,86.67547863144378,11.018961379882796,0.8556211334557804,0.35226338199286467,0.7,1.4,1.4,10.0,3.7011903118843827,0.01098285980718796,1922.9345854298354
17.600001000000002,16118.335221340443,2.4784924915306554,100.0,10.963955712794855,0.811790261267423,0.34550266629391335,0.7,1.4,1.4,1.3565911494416711,3.170665368232169,0.011637348366089952,1894.0472863148025
17.800001,16111.65993438251,2.4780004114113536,100.0,10.95917554206824,0.812913069886838,0.3484730985234819,0.7,1.4,1.4,1.3058889607305424,3.2079303608756646,0.011723861726763702,1887.3719993568684
17.999999,16115.762695898196,2.477561983477817,100.0,10.954052862952729,0.814044722847785,0.35117357351761747,0.7,1.4,1.4,1.2545826733955616,3.242290151343907,0.011804211235257335,1891.4747608725556
18.199999,16129.98188914638,2.477203076810228,100.0,10.94854771457479,0.8151807410740015,0.3535381020829246,0.7,1.4,1.4,1.2032859990111786,3.2731103690866274,0.011877440535974062,1905.6939541207394
18.399998999999998,16153.250482575864,2.476947200535815,100.0,10.942633781054806,0.8163142513851152,0.3555042549208541,0.7,1.4,1.4,1.1527453950900064,3.2998310543675933,0.011942739760104255,1928.9625475502235
18.599999,16184.200577694839,2.476805967349466,100.0,10.936378454094134,0.8174305097332268,0.3570257352835123,0.7,1.4,1.4,1.1038268350924958,3.3221662503593867,0.011999659025115933,1959.9126426691982
18.799999,16221.239803304581,2.4767877433840164,100.0,10.929826593430315,0.818521207329367,0.3580697668145069,0.7,1.4,1.4,1.0572887281677446,3.3399902697579256,0.01204806569657522,1996.9518682789403
18.999999,16262.700308414278,2.476877202976546,100.0,10.923167377541134,0.8195656303789777,0.35864882935812314,0.7,1.4,1.4,1.0138903365943097,3.353670222382059,0.012088487426428669,2038.4123733886372
19.199999,16312.866513256347,2.4751854516075604,100.0,10.927910202286736,0.8198823724045018,0.3648534880583962,0.7,1.4,1.4,1.0,3.403778506006463,0.012175268583468827,2088.5785782307066
19.399998999999998,16392.450497824317,2.4721468683655967,100.0,10.940755047764938,0.819618048913726,0.3745474421991538,0.7,1.4,1.4,1.0,3.4785952849665382,0.012290659675137644,2168.162562798676
19.599999,16507.343230289232,2.46853528110333,100.0,10.956966212865554,0.8190013617649576,0.38482683153523783,0.7,1.4,1.4,1.0,3.5600892979274854,0.012409334598222103,2283.0552952635917
19.800001,16451.744781754707,2.4153768116968526,12.694174327454734,9.627334954481872,0.8624105663702758,0.339499432120941,0.7,1.0,1.4,1.2293388574907418,2.740152364456475,0.005804679400149484,2227.4568467290665
20.000001000000005,16100.82338477128,2.4147280816803502,12.514348005185967,9.608251923727712,0.866392588472073,0.3481447163016802,0.7,1.0,1.4,1.203508781011803,2.7696033990877544,0.005812323074492537,1876.5354497456392
20.200001,15769.478746443627,2.414437227568215,12.32966482172175,9.58526231061044,0.8709293038222049,0.35698668941575834,0.7,1.0,1.4,1.1722989154759116,2.7914320065782965,0.005813834579127217,1545.190811417986
20.400001,15460.647366577681,2.4144826922367737,12.139381926379864,9.558775693960085,0.8760220566400723,0.36603460557861306,0.7,1.0,1.4,1.137359225866652,2.805182640994029,0.005808019252270284,1236.3594315520404
20.600001000000002,15175.76745627268,2.4148301455483985,11.944210965893893,9.529425626994938,0.881647772687482,0.3753571810769413,0.7,1.0,1.4,1.100452810925335,2.8109570034618923,0.005794380921882722,951.4795212470399
20.800001,14914.860185424825,2.4154284985344483,11.74569651717181,9.497941248714632,0.8877416553316952,0.38503357236665264,0.7,1.0,1.4,1.0631295738523234,2.8092191244432185,0.00577294631333773,690.5722503991838
21.000001,14676.84984348276,2.4162386916541108,11.54355082605247,9.464831067453115,0.8942919008746436,0.39521209629882753,0.7,1.0,1.4,1.0266375378389183,2.800472088458137,0.005743543482023647,452.561908457119
21.200001,14461.40475437826,2.417087423790825,11.11194956140706,9.411901693470561,0.9065269883217162,0.40731142386762936,0.7,1.0,1.4,1.0,2.765662262568905,0.005637359024292844,237.11681935261913
21.400001,14303.674078505761,2.4175925966858554,9.967081489299867,9.290532591063792,0.941492045924202,0.42442655162968235,0.7,1.0,1.4,1.0,2.647217213709414,0.005282126813963508,79.38614348012015
21.600001000000002,14224.28793502564,2.4178984676786537,8.891782777902048,9.160290020311981,0.9871613929479562,0.4432442529093097,0.7,1.0,1.4,1.0,2.50423009488405,0.004902756102880281,0.0
21.799999,14228.458345100255,2.417807733493314,7.945587174116367,9.02923720866491,1.0445728508362904,0.4637061824145015,0.7,1.0,1.4,1.0,2.345914846645605,0.004525791151671568,4.170410074613756
21.999999,14318.974183813398,2.4174038676099747,7.285980983593383,8.927524501961464,1.1012397256737345,0.48202962950638845,0.7,1.0037857665003984,1.4,1.0,2.2054545943986517,0.004224910492146464,94.686248787757
22.199999,14439.144892615377,2.4173687081496964,7.278030161125274,8.933210314872312,1.1058296345720053,0.4883906108510898,0.7,1.0243269961806922,1.4,1.0,2.1717738376075673,0.004170591700849181,214.85695758973634
22.399998999999998,14559.938114971506,2.417409423528275,7.278942685776497,8.939896032795374,1.1096184803413613,0.49670291632916386,0.7,1.044846428685021,1.4,1.0,2.1391255964115,0.0041207302915714965,335.6501799458656
22.599999,14683.056736042143,2.4175541478038785,7.288461333673041,8.947484261524911,1.1126385195908517,0.5071100842675232,0.7,1.0655043179395383,1.4,1.0,2.106769188263205,0.00407454803988642,458.76880101650204
22.799999,14810.85663076557,2.4178257525566953,7.312104071369485,8.95691406523372,1.114331160631074,0.5195359382066733,0.7,1.0865694975433973,1.4,1.0,2.075273104698088,0.004033719172098433,586.5686957399284
22.999999,14946.665486641397,2.418257060874909,7.353836921293636,8.968736449102122,1.1142710596668204,0.5334267907419158,0.7,1.108142758726937,1.4,1.0,2.044916299411476,0.00399949300811658,722.3775516157566
23.199999,15095.030173857484,2.418869415224225,7.41838434220028,8.983596397447847,1.111931482363659,0.5472114054766696,0.7,1.1300843098680389,1.4,1.0,2.016666336266565,0.003973993852764357,870.7422388318428
23.399998999999998,15261.348604286739,2.4196766071424944,7.504477793857622,9.000876319906798,1.1073835988044767,0.558324054979696,0.7,1.1517665352174613,1.4,1.0,1.9908570874893168,0.0039577471850859745,1037.0606692610982
23.599999,15450.341451513816,2.4206590493696085,7.601907786649237,9.01852810717829,1.1016218686882426,0.5640254631701763,0.7,1.1720957528364568,1.4,1.0,1.9669991866562069,0.003948548546497044,1226.0535164881749
23.799999,15663.979706952105,2.421801833176495,7.694913716255665,9.033565494900238,1.0961000541348627,0.5633135492330252,0.7,1.19011931501746,1.4,1.0,1.9431178552326382,0.00394170960699758,1439.6917719264638
23.999999,15900.554235091813,2.4231367781664823,7.768229708441841,9.043074073957476,1.0922946882641045,0.5569845532997685,0.7,1.2052940100943892,1.4,1.0,1.9165125099039915,0.00393207243421456,1676.2663000661723
24.199999,16155.38569303411,2.4246862801674354,7.815004576193173,9.045806219796015,1.0908490469169096,0.5464840336801681,0.7,1.2175722988615723,1.4,1.0,1.885856042090749,0.003917163298544703,1931.097758008469
24.399998999999998,16391.164998846274,2.5100725342664867,6.0252165744960005,8.118017410784567,2.626560654936792,0.7997339453521106,0.7,1.3233578370406738,1.3999999999999997,1.2012467856381288,0.6092210351907742,0.0028767249516990314,2166.8770638206333
24.599999,16473.8187669629,2.51055731270845,6.27294621554403,8.176001865781021,2.5715220664895537,0.7648696853678325,0.7,1.4,1.4,1.2697033117319534,0.6103047103431807,0.002883031040944689,2249.53083193726
24.799999,16567.50550075984,2.5117715880678655,6.3128546312512075,8.179320522112588,2.5189773905450052,0.7118906003909641,0.7,1.4,1.4,1.264443113804585,0.6138783556170603,0.00290002499606527,2343.2175657341977
24.999999,16671.558301450947,2.5129372002134573,6.349824363944927,8.182190776201168,2.474554356959783,0.6656885020519139,0.7,1.4,1.4,1.2597452178785367,0.6167458332322101,0.0029155792846982226,2447.270366425306
25.199999,16781.985991976264,2.5140589034968426,6.384287669043144,8.184706390748346,2.436210435027132,0.6250548393649696,0.7,1.4,1.4,1.2555068394143043,0.6190218957352244,0.002929901307650398,2557.698056950623
25.399998999999998,16895.74376412337,2.5151436249948023,6.416795554097773,8.186960421651076,2.402514744291879,0.5890370068924632,0.7,1.4,1.4,1.251632573063284,0.6208518283934116,0.0029432493210846847,2671.4558290977293
25.599999,17010.54950720104,2.5161888135565174,6.447373480418584,8.188973298089664,2.3727767269804234,0.5568810608536129,0.7,1.4,1.4,1.2480910709042217,0.6222749539421351,0.0029556443252533437,2786.261572175401
25.799999,17124.722891102345,2.51720368282405,6.476739650421945,8.190862033360027,2.3457631964109873,0.5280289122118573,0.7,1.4,1.4,1.244773824490009,0.6234478097528233,0.0029674070669782086,2900.434956076704
25.999999,17237.048577297166,2.5181892073243786,6.505148662167855,8.192676853496678,2.3208691257926546,0.5020175424459266,0.7,1.4,1.4,1.241631204528305,0.6244462196978162,0.0029786540034549623,3012.7606422715253
