b1,b2,x0,x1,c,c1,gamma1,gamma2,mu1,mu2,T_perceive,sensitivity,SSE
2.47794888726026,100.0,10.958636074514295,17.82186350529915,0.8130358281490072,0.3487821421233789,0.7,1.4,1.4,1.300294959621689,3.2118398777251453,0.011732959875643118,16111.593115737725
2.4179213343160564,8.436336990937097,9.099361645453646,21.69210702050025,1.0121843700671298,0.45247942931272117,0.7,1.0,1.4,0.9999999999999999,2.432261985366553,0.004726763385840752,14215.554701128009
2.477951067345148,100.0,10.958616743437695,17.82198889006647,0.813038522847122,0.34878364848680876,0.7,1.4,1.4,1.3002505423673467,3.211843145240483,0.011733003364693222,16111.593109063606
2.42209573048167,67.44340033957286,10.61843911483726,16.57206293251861,0.9558521230113295,0.3289891806510421,0.7,1.3999999999999997,1.0,10.0,2.997815553805519,0.009444786529868918,16184.909628852753
2.474233541003454,89.26201826218517,11.049904868758947,17.51167728823135,0.8542208679750084,0.35588075018361987,0.7,1.4,1.4,10.0,3.7722772508307205,0.011171271704657282,16144.228947190966
2.474236643922373,89.26690058041217,11.049923284044622,17.511736911588063,0.8542222755416966,0.3558856453910407,0.7,1.4000000000000001,1.4,10.0,3.7722996537287132,0.011171518912642057,16144.228888781796
2.4779488395388976,100.0,10.958644498027468,17.821824450121714,0.8130345034234233,0.34878213336400843,0.7,1.4,1.4,1.3003131830328547,3.2118397990793572,0.01173294822959555,16111.593120303576
2.47795197963752,99.99999999999999,10.958629219728236,17.821764263796002,0.8130373326428842,0.34877908701230326,0.7,1.4,1.4,1.3002926562729835,3.2118054176224673,0.011732899743475106,16111.593136904912
2.2546317781897716,99.99950001553782,10.834440227686581,16.213257224815123,0.8588122996146603,0.30449880304316906,0.4272076603325643,1.3999999999999997,1.2060329845894926,1.1003773698128962,2.4974487723716625,0.010947350505907352,17051.18014533594
2.4966905976428846,4.772490076383767,7.817431733848528,23.072603040325113,4.179451097230401,1.1557361847161836,0.7,1.047304068662342,1.3999999999999997,1.0,0.557602337448561,0.0026782566612631605,15931.386008304598
2.4742411479860906,89.21770535209177,11.049443898950779,17.51109546614343,0.8542499207278308,0.3558398745134698,0.7,1.4000000000000001,1.4,10.0,3.7717186604453614,0.011168994822761092,16144.22993488891
2.4952756954338025,4.958495212708384,7.883039868351043,23.153041954890703,3.0786735550003677,1.152255403855537,0.7,1.0658489847577195,1.4,1.0,0.61962137775513,0.0027546116955667822,15927.83751527891
2.497020067096069,4.7878938428672315,7.82031216050844,23.0921832746183,4.091616659862581,1.140259573565477,0.7,1.0487664704124964,1.4,1.0,0.5602272559761197,0.0026848159396282213,15929.87838925295
