,b1,b2,x0,x1,c,c1,gamma1,gamma2,mu1,mu2,T_perceive,sensitivity
b1,1.0,-0.23467793673717824,-0.25401739756138625,0.41329689120673485,0.3411076947193956,0.3827941671947223,0.9250695492914185,-0.20474702538489592,0.5597841538012573,0.06662096007166812,-0.11791902091141238,-0.2121048607302223
b2,-0.23467793673717824,1.0,0.9632098633780126,-0.9379006050723845,-0.8240935229924404,-0.8572283097967296,-0.23883799606603093,0.9732433438369299,-0.11716482180862893,0.31349146887881707,0.8616184598717621,0.9901472345434899
x0,-0.25401739756138625,0.9632098633780126,1.0,-0.9645116352066051,-0.9255388410940025,-0.9517924933411434,-0.1642343962267043,0.9493053194856852,-0.18314707530018567,0.4563570071688437,0.9582641692355351,0.9896070099721419
x1,0.41329689120673485,-0.9379006050723845,-0.9645116352066051,1.0,0.869482616386611,0.9165993775546266,0.32252375542856215,-0.959856511624945,0.40775531020386996,-0.4858062703466989,-0.8780817072991666,-0.9500120143074517
c,0.3411076947193956,-0.8240935229924404,-0.9255388410940025,0.869482616386611,1.0,0.9782063437313195,0.15626467517644343,-0.7858147263830566,0.1951861863689548,-0.3694525012120409,-0.931466491486226,-0.8822189993487808
c1,0.3827941671947223,-0.8572283097967296,-0.9517924933411434,0.9165993775546266,0.9782063437313195,1.0,0.20065595025857302,-0.8246124691716905,0.2577566241543559,-0.39487656683640165,-0.9420444473408297,-0.9102773113492353
gamma1,0.9250695492914185,-0.23883799606603093,-0.1642343962267043,0.32252375542856215,0.15626467517644343,0.20065595025857302,1.0,-0.1918087959854998,0.3737769290675433,0.19549242829693714,0.025648748141006712,-0.16889627654816425
gamma2,-0.20474702538489592,0.9732433438369299,0.9493053194856852,-0.959856511624945,-0.7858147263830566,-0.8246124691716905,-0.1918087959854998,1.0,-0.26509816673915,0.46627762817260726,0.8499435695139972,0.9666562463192556
mu1,0.5597841538012573,-0.11716482180862893,-0.18314707530018567,0.40775531020386996,0.1951861863689548,0.2577566241543559,0.3737769290675433,-0.26509816673915,1.0,-0.31462636209886663,-0.0785840976748105,-0.1261976349353245
mu2,0.06662096007166812,0.31349146887881707,0.4563570071688437,-0.4858062703466989,-0.3694525012120409,-0.39487656683640165,0.19549242829693714,0.46627762817260726,-0.31462636209886663,1.0,0.5723767351488614,0.3778388267491811
T_perceive,-0.11791902091141238,0.8616184598717621,0.9582641692355351,-0.8780817072991666,-0.931466491486226,-0.9420444473408297,0.025648748141006712,0.8499435695139972,-0.0785840976748105,0.5723767351488614,1.0,0.9216840851057756
sensitivity,-0.2121048607302223,0.9901472345434899,0.9896070099721419,-0.9500120143074517,-0.8822189993487808,-0.9102773113492353,-0.16889627654816425,0.9666562463192556,-0.1261976349353245,0.3778388267491811,0.9216840851057756,1.0
