T_perceive_fixed,is_paper_value,Best_SSE,dAIC_single_minus_double,dAICc_single_minus_double,dBIC_single_minus_double,single_frozen_loses_on_SSE,b1,b2,x0,c,gamma_const,mu_const,sensitivity,dispose_rate,solver_SSE_spread_pct
0.1,False,28604.85600622634,89.29679415700024,73.97371723392331,86.02366679692528,True,0.1999152823750009,5.0,5.822458903225812,2.0,1.4,1.167,0.013418334738356864,7.499999999999999,0.0010093786787510664
0.3,False,27941.341439744145,88.7804733031541,73.45739638007717,85.50734594307914,True,0.2,5.0,5.974374913433441,2.0,1.4000000000000001,1.167,0.013145554235643734,7.5,0.001950982191259592
0.5,False,27004.773575417785,88.03041158077711,72.70733465770019,84.75728422070216,True,0.2,5.0,6.164792001183599,1.7748749576890748,1.4,1.167,0.01271214816893407,7.5,0.004369915028542785
1.0,False,20864.347654794357,82.35503195967901,67.03195503660208,79.08190459960406,True,0.2,5.0,6.534187229399025,2.0,1.4,1.167,0.012002333422790683,7.5,
2.0,False,5104.008928866579,51.37868979190337,36.055612868826444,48.10556243182842,True,0.2,5.0,6.74698454321692,2.0,1.3999999999999997,1.167,0.01324667587152012,7.5,
2.5,False,2013.9043613831875,30.91976803042037,15.59669110734346,27.64664067034542,True,0.2,5.0,6.767107616264524,2.0,1.3999999999999997,1.167,0.014630773344035796,7.5,
3.152079,True,905.5156976826357,13.33459664312376,-1.9884802799531514,10.061469283048808,True,0.2,5.163481590333463,7.009694496874083,1.9999978624440304,1.4,1.167,0.017536008797370856,7.5,
5.0,False,769.5989950179911,9.75662621191988,-5.566450711157032,6.483498851844928,True,0.13845920742388976,5.59316155050514,5.214795504127429,0.3447807003287216,1.4,2.9045663150088443,0.017608426145543133,7.4966203976169155,
6.59,False,702.7936780317725,7.758889094061345,-7.564187829015566,4.4857617339863936,True,0.1286433755544582,5.208400272654979,6.676421360275814,0.5687283687062615,1.2850501276175863,6.382155345636428,0.031181453008300452,2.9560887753507106,
8.0,False,662.0198854711631,6.443998222064053,-8.879078701012858,3.1708708619891013,True,0.14311823508919783,5.0,9.280068227524044,0.44107266619862956,0.4274781585365136,3.69749587610292,0.0572382933282423,2.057283178999134,
