x1,profile_sse,b1,b2,x0,c,c1,gamma1,gamma2,mu1,mu2,T_perceive,sensitivity,dispose_rate,delta_sse
14.0,611.6164179439708,0.20000000000000004,25.0,12.742584740300703,2.0,0.8,0.35,1.167,1.1890166236424715,1.75,0.6640241997386075,0.017136835113830243,2.0,262.9911065287856
14.1,601.1342801556732,0.19999999999999998,25.0,12.764859049042636,1.9999999999999998,0.8,0.35,1.167,1.2044093772103421,1.75,0.6868170523912012,0.017883969748855817,1.9999999999999998,252.50896874048806
14.2,594.7628039115303,0.2,25.0,12.908033413026155,1.3782952842764122,0.8,0.35,1.167,1.3841171709086555,1.75,0.7471796150872398,0.018461911585415252,2.0,246.1374924963452
14.3,589.4682514787163,0.2,25.0,12.955028822578328,1.3295223904117635,0.8,0.35,1.167,1.4,1.75,0.7793972755903799,0.019205734394622555,2.0,240.84294006353116
14.4,586.2190280732694,0.2,25.0,13.164341834741364,1.088858833990253,0.8,0.35,1.167,1.4,1.75,0.8420714482611783,0.01976155071472522,2.0,237.5937166580843
14.5,584.2509957813747,0.2,25.0,13.498590029715583,0.8706428322473712,0.8,0.35,1.167,1.4,1.8334123467991172,0.9288993397149488,0.02005651075518603,2.000009387198371,235.6256843661896
14.6,581.3343927301121,0.2,25.0,13.593073870600081,0.8357743251002993,0.8,0.35,1.167,1.4,1.8618244480766186,0.9693024809988088,0.020697308384643967,2.0002125676256646,232.70908131492695
14.7,580.275616299679,0.2,24.99991656086266,13.699888062587569,0.7964534756338443,0.8073975722541228,0.35,1.1759512017351645,1.3999999999723365,1.7787183059764224,0.9959526663943407,0.021127967412653076,2.0223649885794717,231.65030488449383
14.8,578.1618630945426,0.2,24.261057091347265,13.8,0.7714313193745135,0.8,0.35,1.167,1.280361125957549,2.328331865358537,1.0621839563040618,0.021274328045377638,2.0,229.53655167935744
14.9,587.7494127782406,0.2,24.999565243188382,13.49118646187866,0.9940750900462749,0.8,0.35228359814831384,1.1670069793059428,1.2268762782324463,4.629275507237165,1.1447155736044805,0.021974379938857713,2.0,239.1241013630555
15.0,577.5958890842942,0.19999999878663202,23.82693109373891,13.975348271752587,0.6979653020278915,0.8000883254816284,0.35000001086976273,1.1998865405553583,1.342090351040037,1.821576355403126,1.1317045642798478,0.022307624688601736,2.0364076883708866,228.97057766910905
15.1,571.9257978607666,0.20000000000000004,22.703485394581172,14.1,0.6759517630728665,0.8,0.35,1.167,1.168287332408309,3.0220528147926022,1.2120746604228785,0.021784445012348105,2.0,223.30048644558144
15.2,570.7050520149669,0.1999688475042071,21.439605124229985,14.18007353680332,0.6295612358009537,0.8,0.35014513286662247,1.167027071853607,1.1820374186009721,3.4453593069068775,1.2725060458124355,0.02129957277703232,2.0000121202116885,222.07974059978176
15.3,566.3242654879901,0.2,21.745445396472597,14.3,0.6153070903157248,0.8,0.35,1.167,1.167,3.476120549650931,1.3228716450643785,0.022106797217405404,2.0,217.698954072805
15.4,564.3311650970863,0.2,20.830998574833455,14.3986824405791,0.5783865093661145,0.8,0.35,1.167,1.1763210992331883,3.8664136504627855,1.3913930008248094,0.02187223962229461,2.0,215.7058536819012
15.5,560.3864420860493,0.2,20.992954987629933,14.5,0.5668702676440274,0.8,0.35,1.167,1.167,3.8845069110372794,1.4425212869709352,0.022604204178070738,2.0,211.7611306708642
15.6,557.2714730028921,0.2,20.672870025646297,14.6,0.5460592452527089,0.8,0.35,1.167,1.167,4.122396753297205,1.5072800139764457,0.02288189435007168,2.0,208.64616158770696
15.7,553.979302362123,0.2,20.34411523562908,14.7,0.5263402407255688,0.8,0.35,1.167,1.167,4.3256773130570245,1.572688226699808,0.023176263009012574,2.0,205.35399094693787
15.8,550.6958368256956,0.2,20.075200901394773,14.8,0.5088234596190923,0.8,0.35,1.167,1.167,4.52471223565825,1.6410153379781152,0.02352610998764052,2.0,202.0705254105104
15.9,547.4700398150005,0.2,19.69465044309311,14.9,0.49027884067516836,0.8,0.35,1.1728854295595528,1.1670030342701503,4.680154432949427,1.7100064641679698,0.023794148118694482,2.000005806941448,198.84472839981538
16.0,542.8072115043731,0.1999977479098109,20.406366540308472,15.0,0.44756684011153336,0.8,0.3500036148598481,1.1670768926732156,1.1670177887875697,4.380395969746115,1.262976668744612,0.01800275533640742,3.243752004747821,194.18190008918793
16.1,538.5703140070947,0.2,20.599442800716016,15.100000000000001,0.42707023075004824,0.8,0.35,1.1670006711330132,1.1801610593368288,5.069504570795202,1.2042902346457502,0.016328699212227658,3.7806341479944976,189.94500259190954
16.2,532.8065945947409,0.2,20.457375737512063,15.2,0.4167591628404585,0.8,0.35,1.1670617962323109,1.167,5.1092033721569,1.24533939156902,0.016543911137754955,3.8261423159935974,184.18128317955575
16.3,527.8542809913642,0.2,20.422439801004963,15.299962282952746,0.39806678895085207,0.8,0.35,1.1670051117553657,1.167,5.25502418550826,1.200702304181555,0.015393709921448652,4.4610477408402165,179.2289695761791
16.4,523.1703075456919,0.2,20.622098585904023,15.399999999999999,0.3856223256046516,0.8,0.35,1.1670005106322725,1.1679043495068706,5.956412549336521,1.1974241220631892,0.01456174611157775,4.843566295337939,174.54499613050677
16.5,516.2603735164855,0.1999995997653894,20.254203324063386,15.5,0.3712583433352914,0.8,0.35015223490210057,1.167,1.169271197740666,6.045249674925595,1.2263827367717077,0.014401201769823839,4.976391667108302,167.63506210130038
16.6,509.0037849646678,0.2,19.91091653902189,15.600000000000001,0.3589742806155049,0.8,0.35,1.167,1.167,6.107923039126102,1.2645202496672117,0.014378931631268613,5.052890849489269,160.37847354948264
16.7,502.2791432324471,0.2,19.995002212220875,15.7,0.34758165928525425,0.8,0.35,1.167,1.167,6.9730513632496365,1.277676961807198,0.013682158315888746,5.27691615102938,153.65383181726196
16.8,494.7090947851163,0.2,19.706174708782086,15.8,0.33662750844983974,0.8,0.35,1.167,1.167,7.055545305160796,1.3189630155607641,0.013675783967740348,5.348538578040409,146.08378336993115
16.9,487.2188595430994,0.2,19.678382617893195,15.899999999999999,0.32605488383112186,0.8,0.35,1.167,1.167,7.5666861785117545,1.3411362447216082,0.01326196633197932,5.5704495169268196,138.5935481279143
17.0,479.79830385294633,0.2,19.76604019454131,16.0,0.3160472076619737,0.8,0.35,1.167,1.167,8.720496710506124,1.3781566692987868,0.01277617265204016,5.607556641630282,131.1729924377612
17.1,471.6669848327326,0.2,19.573008531031174,16.1,0.30708087871181056,0.8,0.35,1.167,1.167,8.804935351037644,1.4226087843467676,0.01278001633282935,5.707213042488528,123.04167341754749
17.2,464.45562839781263,0.2,20.259335167223124,16.2,0.2958326256216325,0.8,0.35,1.167,1.167,10.849412654527491,1.4048282442903934,0.011516650077326223,6.2579377697683904,115.8303169826275
17.3,455.50798880000195,0.2,20.1413431787248,16.3,0.28698619519283985,0.8,0.35,1.167,1.167,11.064443724454915,1.442824307724007,0.011383497163393652,6.440948650300339,106.88267738481682
17.4,447.60257170562465,0.1999999997556377,19.99750262445925,16.399987139121965,0.2774540817961325,0.8,0.35000008824924883,1.1670000046117575,1.195041770309438,11.268087173587112,1.4918559709092887,0.011394749810799321,6.492800575407283,98.97726029043952
17.5,464.428359016951,0.019677846755362997,19.021492940403352,16.495650199823558,0.2545905863443392,0.870889696516663,0.35045269821910763,1.1739550414608229,1.2265131199004076,8.504274523949965,1.5244640230093287,0.012643715858787282,6.489628392521301,115.80304760176585
17.6,459.9180765777695,0.2,18.97815984991501,16.6,0.23631452796351465,4.0,0.35,1.167,1.167,14.0,2.22150087605012,0.013196809917457957,7.5,111.29276516258437
17.7,438.3590193633008,0.2,18.71776650399162,16.7,0.22913724537601635,4.0,0.35,1.167,1.1677314040780862,14.0,2.365247328566004,0.013468630486420951,7.5,89.73370794811564
17.8,419.4237221124873,0.2,18.581137314237807,16.8,0.22400929315559756,4.0,0.35,1.167,1.167,14.0,2.50937091726194,0.013822146338562807,7.5,70.79841069730219
17.9,401.6622704440941,0.2,18.48193265644111,16.89714266758047,0.21959900938239246,4.0,0.35,1.167,1.167,13.999999999971623,2.655648493484822,0.014205278999071036,7.5,53.03695902890894
18.0,384.8035558092937,0.2,18.438366113457164,17.0,0.21592279588842953,4.0,0.35,1.167,1.167,14.0,2.7955371683025287,0.014600486712657007,7.5,36.17824439410856
18.1,369.97724869330125,0.2,18.400641204040006,17.1,0.2125180359554116,4.0,0.35,1.167,1.167,14.0,2.9399792297725083,0.015009540063102428,7.5,21.35193727811611
18.2,358.59326093893765,0.2,18.40915585425067,17.152424619576394,0.20904499226446402,4.0,0.35,1.3861514240353003,1.167,14.0,3.0769994094647473,0.015173218169851663,7.5,9.967949523752509
18.3,351.6882651802926,0.2,17.67421699183764,16.88389850225778,0.20652839750315075,4.0,0.35,1.3451204316269123,1.167,14.0,3.226958378342294,0.015303571408076243,7.5,3.0629537651074656
18.4,348.62531141518514,0.2,15.84653847504481,15.81180421027857,0.20612938715025794,4.0,0.35,1.4,1.167,14.0,3.349504441260361,0.014692504749590819,7.5,0.0
18.5,349.26593653004227,0.2,15.374561032810892,15.533213557216403,0.2050334704895473,3.5730524507532158,0.35,1.3999607524338082,1.167,13.99996018377346,3.4282356713807487,0.014635422744212163,7.49952565368044,0.64062511485713
18.6,351.5534173145968,0.2,14.373467724891741,14.80296076649926,0.20804219587465253,2.8216210886234627,0.35,1.2567261662626819,1.167,14.0,3.3686687707568534,0.014096276991628135,7.5,2.928105899411662
18.7,353.7032169763041,0.2,14.442877391627768,14.802347812432203,0.20731541651296567,2.378940021427451,0.35,1.4,1.167,14.0,3.346110515363614,0.013885034028028185,7.5,5.077905561118939
18.8,356.93357000871197,0.2,14.34154917778968,14.73489533651637,0.20694128833556635,2.0589011419306424,0.35,1.4,1.167,14.0,3.3309164359335264,0.013747492591935818,7.5,8.30825859352683
18.9,360.9781773344528,0.2,14.30668038981001,14.73026878331915,0.206077713400557,1.823207625001346,0.35,1.3999173058247767,1.167,14.0,3.328270623605377,0.013668886618058122,7.5,12.352865919267686
19.0,366.09416883794466,0.2,14.084333433074214,14.605339620648557,0.20412433416620449,1.7873577340083435,0.35,1.3998135545889985,1.1670001534512187,14.0,3.4454980110006357,0.013817983415315913,7.5,17.468857422759527
19.1,371.15483661228626,0.2,13.961837020689115,14.48397039080833,0.20501805568974565,1.4954234607953425,0.35,1.3998839557109886,1.167,14.0,3.3245083541294687,0.013361553534611197,7.5,22.529525197101123
19.2,376.6642811164233,0.2,13.051026302420768,13.615166396720632,0.20887277335844864,1.3857091512087731,0.35,1.4,1.167,14.0,3.2686742035677496,0.012711762468404877,7.5,28.03896970123816
19.3,382.67432566183726,0.19999991556034952,12.834992577270226,13.42219154062201,0.20852402436379092,1.289403447939058,0.35,1.4,1.1670095125848845,14.0,3.275096777506535,0.012547014919317067,7.5,34.04901424665212
19.4,389.10229384002207,0.2,12.625525814989828,13.219991801005493,0.20863529670071343,1.2042031630236574,0.35,1.4,1.167,14.0,3.2799367094787377,0.012388152145183335,7.5,40.47698242483693
19.5,396.17512825547584,0.2,12.45840114360324,13.07867303223136,0.20738654719324456,1.182534043501458,0.35,1.4,1.167,14.0,3.372214902734505,0.012487119604438381,7.5,47.5498168402907
19.6,402.55641695150626,0.2,11.654572765020246,12.109288123869836,0.21498913860691943,1.073561654401825,0.35,1.3999079497521958,1.167,14.0,3.2186283195324705,0.01161966700085982,7.5,53.93110553632113
19.7,409.3381649175003,0.2,11.61859578496796,12.082005819948057,0.21397068823934584,1.0101028163472185,0.35,1.4,1.167,14.0,3.238062894189617,0.011579209766649346,7.5,60.71285350231517
19.8,416.3594339797018,0.2,11.53515512507468,11.991417805025362,0.21360143387076772,0.9552927476483507,0.35,1.4,1.167,14.0,3.2537930047876813,0.01150756536986603,7.5,67.73412256451667
19.9,423.5549208048529,0.1999990622419454,11.403574963824537,11.851127134256396,0.21268606271166218,0.9402528793477922,0.35,1.399893764360552,1.167,13.99957012377816,3.333680344814377,0.011584300751840148,7.5,74.92960938966775
20.0,430.18134754778396,0.2,11.0082722539581,11.305908179921596,0.21845539078685994,0.870926017016018,0.35,1.4,1.167,14.0,3.236254621070364,0.011074989356892124,7.5,81.55603613259882
