x1,start,SSE,iterations
18.4,warm,348.62531141518514,123
18.4,unrestricted_fit,348.62531141518514,123
18.4,library_1,16331.744802704085,16
18.4,library_2,8994.071149649999,12
18.4,library_3,11441.213266842635,25
18.4,library_4,472.8567300914072,293
18.3,warm,351.96196970606366,68
18.3,unrestricted_fit,352.1219294451022,71
18.3,library_1,471.8599089022559,147
18.3,library_2,360.12432673246377,335
18.3,library_3,475.195858797989,91
18.3,library_4,351.6882651802926,393
18.2,warm,358.6116731319135,80
18.2,unrestricted_fit,358.6923143411907,120
18.2,library_1,568.0389712160387,143
18.2,library_2,388.73754431987,336
18.2,library_3,358.59326093893765,408
18.2,library_4,746.320093099697,67
18.1,warm,369.97724869330125,103
18.1,unrestricted_fit,369.9840627770079,96
18.1,library_1,370.0539806573033,366
18.1,library_2,578.0075507788821,129
18.1,library_3,10564.26022814628,4
18.1,library_4,485.99130318859295,106
18.0,warm,388.6250335970935,20
18.0,unrestricted_fit,384.8035558092937,138
18.0,library_1,541.4669120929279,125
18.0,library_2,384.92996346644395,374
18.0,library_3,759.944815004171,93
18.0,library_4,393.0896912911152,397
17.9,warm,401.6622704440941,47
17.9,unrestricted_fit,401.76216706113223,100
17.9,library_1,406.4514448004678,385
17.9,library_2,1654.6857912703545,36
17.9,library_3,494.18463178852465,196
17.9,library_4,537.2797083599518,108
17.8,warm,419.4237222227851,67
17.8,unrestricted_fit,419.4237221124873,137
17.8,library_1,459.0324241040029,232
17.8,library_2,506.98081570783785,163
17.8,library_3,511.8172125573805,181
17.8,library_4,8991.367488031226,27
17.7,warm,438.3590193633008,52
17.7,unrestricted_fit,438.3617371363105,144
17.7,library_1,597.2229680968837,106
17.7,library_2,8733.822422292853,20
17.7,library_3,469.31301211198877,240
17.7,library_4,1075.3041647818493,47
17.6,warm,459.9180765777695,84
17.6,unrestricted_fit,459.918076579353,169
17.6,library_1,8849.242569786873,31
17.6,library_2,639.982306715503,145
17.6,library_3,3639.635269915881,15
17.6,library_4,544.4968219288843,284
17.5,warm,488.13290267250693,28
17.5,unrestricted_fit,486.3696079148167,155
17.5,library_1,8486.730658511573,18
17.5,library_2,464.428359016951,341
17.5,library_3,517.0330890905228,185
17.5,library_4,9245.856371530974,13
17.4,warm,447.60257170562465,346
17.4,unrestricted_fit,522.3915860344857,147
17.4,library_1,529.4486258830001,310
17.4,library_2,577.6680567078183,202
17.4,library_3,527.8384074350354,184
17.4,library_4,8596.842410189533,37
17.3,warm,455.50798880000195,50
17.3,unrestricted_fit,547.8787282911811,187
17.3,library_1,7608.292163957938,64
17.3,library_2,13933.09932724564,6
17.3,library_3,514.4692017199146,288
17.3,library_4,524.8690168235464,269
17.2,warm,464.45562839781263,48
17.2,unrestricted_fit,538.40550749597,253
17.2,library_1,631.5447158454482,121
17.2,library_2,516.1606337657041,372
17.2,library_3,519.2119748248865,164
17.2,library_4,630.1952941241994,210
17.1,warm,471.6669848327326,92
17.1,unrestricted_fit,574.8659441244906,153
17.1,library_1,536.1605499319475,293
17.1,library_2,520.2979126225468,193
17.1,library_3,545.1500990380215,252
17.1,library_4,530.6511587042687,242
17.0,warm,479.79830385294633,42
17.0,unrestricted_fit,777.6485844955403,83
17.0,library_1,1232.8302354607245,73
17.0,library_2,552.8304285330103,224
17.0,library_3,9088.845564915424,16
17.0,library_4,504.344039095071,254
16.9,warm,487.2188595430994,82
16.9,unrestricted_fit,1884.7117044531758,12
16.9,library_1,519.2131647220137,238
16.9,library_2,524.4551270026133,251
16.9,library_3,487.400925321121,638
16.9,library_4,502.4544761862741,262
16.8,warm,494.7090947851163,125
16.8,unrestricted_fit,567.583093461977,147
16.8,library_1,544.9312251076269,155
16.8,library_2,1054.037128896499,182
16.8,library_3,509.445723467814,332
16.8,library_4,780.5817772792333,196
16.7,warm,502.2791432324471,46
16.7,unrestricted_fit,596.5074371171771,114
16.7,library_1,559.8100581907194,235
16.7,library_2,9029.983994819226,20
16.7,library_3,8555.116766322813,20
16.7,library_4,527.3955306078439,349
16.6,warm,509.0037849646678,118
16.6,unrestricted_fit,519.8382662967406,322
16.6,library_1,1193.610468280661,50
16.6,library_2,1528.711612028657,38
16.6,library_3,9837.915270930851,8
16.6,library_4,1544.1602613431453,74
16.5,warm,516.2603735164855,35
16.5,unrestricted_fit,640.7252320414516,134
16.5,library_1,578.7582928968036,246
16.5,library_2,530.402157314074,231
16.5,library_3,9053.084108248644,17
16.5,library_4,559.5164062631223,208
16.4,warm,523.1703075456919,30
16.4,unrestricted_fit,527.2928053328666,346
16.4,library_1,584.1609172906828,163
16.4,library_2,675.5240408147158,235
16.4,library_3,527.5240350813275,358
16.4,library_4,1885.0432026818723,150
16.3,warm,527.8542809913642,53
16.3,unrestricted_fit,554.516782956449,213
16.3,library_1,549.9270473650092,274
16.3,library_2,585.8727157461827,165
16.3,library_3,3627.2640479260635,32
16.3,library_4,1805.6505914101588,82
16.2,warm,532.8065945947409,63
16.2,unrestricted_fit,554.2526502515364,261
16.2,library_1,562.1438021092562,305
16.2,library_2,604.8485284409687,280
16.2,library_3,2389.3930103757384,63
16.2,library_4,2082.57432067369,80
16.1,warm,538.5703140070947,34
16.1,unrestricted_fit,2406.6087654582666,30
16.1,library_1,1202.7374844364003,93
16.1,library_2,9059.194171157134,17
16.1,library_3,9017.605078426302,31
16.1,library_4,667.3900127963393,164
16.0,warm,542.8072115043731,84
16.0,unrestricted_fit,585.3033336060577,203
16.0,library_1,544.5675058205605,353
16.0,library_2,566.2579086744387,144
16.0,library_3,564.7086277160657,360
16.0,library_4,560.5189488990203,252
15.9,warm,548.113802592897,32
15.9,unrestricted_fit,558.8539175136737,168
15.9,library_1,547.4700398150005,314
15.9,library_2,9003.27216332068,14
15.9,library_3,1578.684303013154,97
15.9,library_4,604.9213729831711,315
15.8,warm,550.6958368256956,89
15.8,unrestricted_fit,2857.780762061006,33
15.8,library_1,9082.894036706219,27
15.8,library_2,580.122701984419,230
15.8,library_3,8947.469677345845,26
15.8,library_4,1280.3983163816215,131
15.7,warm,553.979302362123,80
15.7,unrestricted_fit,567.8876345039483,216
15.7,library_1,2855.772862590557,45
15.7,library_2,2720.058450477974,33
15.7,library_3,554.6014939284495,356
15.7,library_4,1312.1753256932773,109
15.6,warm,557.2714730028921,83
15.6,unrestricted_fit,2340.383992895554,57
15.6,library_1,587.6670783169535,230
15.6,library_2,1502.4805648380984,108
15.6,library_3,598.8392517627135,190
15.6,library_4,558.7775738007971,451
15.5,warm,560.3864420860493,95
15.5,unrestricted_fit,3016.3383242509212,42
15.5,library_1,1540.0116370083426,141
15.5,library_2,4747.13328340098,69
15.5,library_3,568.2420387577732,287
15.5,library_4,8874.22553144634,27
15.4,warm,564.3311650970863,29
15.4,unrestricted_fit,2821.738978934524,80
15.4,library_1,586.0219907787354,412
15.4,library_2,595.7941391621424,293
15.4,library_3,564.5067453502068,492
15.4,library_4,9072.060762269359,42
15.3,warm,566.3242654879901,80
15.3,unrestricted_fit,571.0884008212894,370
15.3,library_1,9080.187512940083,9
15.3,library_2,1444.441607743204,179
15.3,library_3,1219.172547441215,286
15.3,library_4,9051.567735778002,13
15.2,warm,570.7050520149669,26
15.2,unrestricted_fit,570.9092240032656,518
15.2,library_1,1379.0864713376436,143
15.2,library_2,619.8271739056911,157
15.2,library_3,8992.917931147756,32
15.2,library_4,588.1025846586792,418
15.1,warm,571.9257978607666,145
15.1,unrestricted_fit,587.5706563226441,412
15.1,library_1,9027.328021815765,24
15.1,library_2,1253.109443603866,219
15.1,library_3,588.1039139201902,166
15.1,library_4,4704.929751106789,71
15.0,warm,581.4449378007996,44
15.0,unrestricted_fit,1904.9934734063957,50
15.0,library_1,577.5958890842942,274
15.0,library_2,8480.309862417138,18
15.0,library_3,2786.7649020555737,51
15.0,library_4,9077.443318874517,47
14.9,warm,588.4165180980885,14
14.9,unrestricted_fit,2161.9494682754316,59
14.9,library_1,587.7494127782406,109
14.9,library_2,1639.1567901633723,80
14.9,library_3,1673.0838550609685,85
14.9,library_4,1605.7804282814534,157
14.8,warm,578.1618630945426,139
14.8,unrestricted_fit,8700.472980534654,23
14.8,library_1,9015.718252943318,26
14.8,library_2,586.7761575020108,273
14.8,library_3,9385.59851444397,20
14.8,library_4,4579.854175000827,50
14.7,warm,580.4400732084875,40
14.7,unrestricted_fit,10026.113853022556,15
14.7,library_1,580.275616299679,380
14.7,library_2,7954.674834823986,66
14.7,library_3,9171.502119217908,30
14.7,library_4,1682.5718397856995,51
14.6,warm,581.3343927301121,79
14.6,unrestricted_fit,10700.105610918337,56
14.6,library_1,1668.6316715732528,89
14.6,library_2,1504.19907686295,128
14.6,library_3,705.1346385264387,90
14.6,library_4,8998.311069578045,24
14.5,warm,584.2509957813747,41
14.5,unrestricted_fit,8378.387429429473,69
14.5,library_1,9077.353472328721,12
14.5,library_2,8718.712347698223,27
14.5,library_3,1430.6890453539356,145
14.5,library_4,8694.505813237945,104
14.4,warm,586.2190280732694,109
14.4,unrestricted_fit,1534.7523978808458,97
14.4,library_1,11909.776170951725,26
14.4,library_2,1484.2333006444644,82
14.4,library_3,11892.692746751802,15
14.4,library_4,1485.1680833056428,137
14.3,warm,589.4682514787163,54
14.3,unrestricted_fit,11158.791808767362,41
14.3,library_1,2185.960131512643,43
14.3,library_2,1721.672957153997,129
14.3,library_3,1535.5386806320846,156
14.3,library_4,2116.610264553591,139
14.2,warm,594.7628039115303,23
14.2,unrestricted_fit,11835.848947624852,61
14.2,library_1,627.7140583697841,159
14.2,library_2,7714.7579414699385,11
14.2,library_3,12653.46761061291,7
14.2,library_4,619.6844141565578,342
14.1,warm,603.5214134823915,42
14.1,unrestricted_fit,1411.6758708956543,258
14.1,library_1,601.1342801556732,357
14.1,library_2,1408.0484097216465,163
14.1,library_3,11897.097645666692,24
14.1,library_4,4336.725907946446,14
14.0,warm,611.6164179439708,27
14.0,unrestricted_fit,1576.3329537486704,262
14.0,library_1,2570.5718792604043,67
14.0,library_2,8740.5321330254,32
14.0,library_3,7178.262187914951,121
14.0,library_4,1454.603415313152,84
18.5,warm,349.26593653004227,50
18.5,unrestricted_fit,349.7588674327408,51
18.5,library_1,411.1501557347388,214
18.5,library_2,354.9400626166927,351
18.5,library_3,351.8900189587522,363
18.5,library_4,354.4939906400748,345
18.6,warm,352.4812073383583,42
18.6,unrestricted_fit,351.5534173145968,91
18.6,library_1,6746.862502467243,32
18.6,library_2,437.29767547071526,103
18.6,library_3,479.29214074342025,94
18.6,library_4,8918.80310408007,14
18.7,warm,353.7032169763041,146
18.7,unrestricted_fit,353.70321860345945,166
18.7,library_1,478.94688967211516,41
18.7,library_2,360.7076033570057,434
18.7,library_3,491.81613279924557,77
18.7,library_4,427.2502717596408,171
18.8,warm,356.93357000871197,126
18.8,unrestricted_fit,356.936093913469,125
18.8,library_1,365.47589038855966,289
18.8,library_2,786.7154576613356,59
18.8,library_3,435.2236575611479,154
18.8,library_4,561.4535560823842,85
18.9,warm,360.9781773344528,78
18.9,unrestricted_fit,363.98376662024435,167
18.9,library_1,884.8220915855183,101
18.9,library_2,11146.492753259055,22
18.9,library_3,555.4616474952876,111
18.9,library_4,691.5925164350922,37
19.0,warm,366.09416883794466,39
19.0,unrestricted_fit,368.47622918865096,157
19.0,library_1,8883.41938067297,24
19.0,library_2,429.71720577822526,187
19.0,library_3,552.1362616496982,139
19.0,library_4,475.6157838374319,123
19.1,warm,371.15483661228626,88
19.1,unrestricted_fit,371.54362677487114,185
19.1,library_1,469.21822039485835,204
19.1,library_2,435.9522465893278,196
19.1,library_3,473.77699263531724,239
19.1,library_4,8570.409367765476,23
19.2,warm,376.6642811164233,98
19.2,unrestricted_fit,376.66428674264057,252
19.2,library_1,477.7171669529218,144
19.2,library_2,398.28376700275766,166
19.2,library_3,426.61211468207273,313
19.2,library_4,504.98206443136587,94
19.3,warm,382.67432566183726,76
19.3,unrestricted_fit,424.8977242304346,110
19.3,library_1,626.7117281800716,152
19.3,library_2,464.8511872241983,213
19.3,library_3,510.3082224436814,104
19.3,library_4,466.58378743505176,163
19.4,warm,389.10229384002207,77
19.4,unrestricted_fit,389.647611711039,246
19.4,library_1,8873.462179856784,19
19.4,library_2,7234.397140866778,45
19.4,library_3,8665.597931095625,14
19.4,library_4,490.7397806543802,171
19.5,warm,396.17512825547584,40
19.5,unrestricted_fit,461.86891276157877,54
19.5,library_1,427.4118537393903,36
19.5,library_2,11273.007925984257,18
19.5,library_3,512.1547721864001,228
19.5,library_4,11667.386914367686,19
19.6,warm,402.55641695150626,92
19.6,unrestricted_fit,455.6178186293905,94
19.6,library_1,503.0499954265519,204
19.6,library_2,495.6490169958065,186
19.6,library_3,8775.795924367512,24
19.6,library_4,522.5801527179982,185
19.7,warm,409.3381649175003,68
19.7,unrestricted_fit,489.31516768772894,78
19.7,library_1,501.864125966174,271
19.7,library_2,522.8326566439808,43
19.7,library_3,500.09697082648876,310
19.7,library_4,514.2877892691315,106
19.8,warm,416.3594339797018,103
19.8,unrestricted_fit,452.0482323697648,121
19.8,library_1,8909.438611692629,33
19.8,library_2,422.4859729775942,365
19.8,library_3,513.5117739688575,111
19.8,library_4,522.3446290122528,153
19.9,warm,423.5549208048529,29
19.9,unrestricted_fit,521.975648768457,62
19.9,library_1,522.7744373613233,77
19.9,library_2,1581.388925376784,64
19.9,library_3,8719.114144525565,21
19.9,library_4,635.6201778596804,190
20.0,warm,430.18134754778396,59
20.0,unrestricted_fit,433.75650817294866,342
20.0,library_1,523.2464128161374,276
20.0,library_2,528.4568641337353,152
20.0,library_3,553.7539425100191,37
20.0,library_4,540.0628093631638,172
