Weeks,Vetlyanka,Prishib,Staritskoy,Nikolskoy,Michailovka,Udachnaya,Selitrennoi
03.09.1878 - 09.09.1878,3,0,0,0,0,0,0
10.09.1878 - 16.09.1878,0,0,0,0,0,0,0
17.09.1878 - 23.09.1878,2,0,0,0,0,0,0
24.09.1878 - 30.09.1878,0,0,0,0,0,0,0
01.10.1878 - 07.10.1878,1,0,0,0,0,0,0
08.10.1878 - 14.10.1878,0,0,0,0,0,0,0
15.10.1878 - 21.10.1878,2,0,0,0,0,0,0
22.10.1878 - 28.10.1878,3,0,0,0,0,0,0
29.10.1878 - 04.11.1878,0,0,0,0,0,0,0
05.11.1878 - 11.11.1878,1,0,0,0,0,0,0
12.11.1878 - 18.11.1878,7,0,0,0,0,0,0
19.11.1878 - 25.11.1878,8,0,0,0,0,0,0
26.11.1878 - 02.12.1878,7,0,0,0,0,0,0
03.12.1878 - 09.12.1878,56,0,0,0,0,0,0
10.12.1878 - 16.12.1878,169,5,1,0,1,0,0
17.12.1878 - 23.12.1878,54,8,2,1,2,1,0
24.12.1878 - 30.12.1878,32,3,1,1,0,0,1
31.12.1878 - 6.01.1879,19,0,4,0,0,0,1
07.01.1879 - 13.01.1879,12,0,0,0,0,0,7
14.01.1879 - 20.01.1879,0,0,0,0,0,1,15
21-01-1879 - 27.01.1879,0,0,0,0,0,0,3
28.01.1879 - 03.02.1879,0,0,0,0,0,0,1
