replicate,delta_AIC_cum,delta_AICc_cum,delta_BIC_cum,delta_AIC_incr,delta_AICc_incr,delta_BIC_incr
1,-24.39034508482932,-49.890345084829335,-27.663472444904272,-32.37495697621692,-57.87495697621691,-35.64808433629187
2,-4.240618299105762,-29.740618299105762,-7.513745659180714,-13.21864667515105,-38.718646675151035,-16.491774035226
3,-6.114623673351701,-31.6146236733517,-9.387751033426667,-9.860237294815377,-35.36023729481536,-13.133364654890315
4,-29.36911616048154,-54.86911616048154,-32.64224352055649,-18.178869238392622,-43.67886923839262,-21.451996598467574
5,-29.038597149667034,-54.538597149667034,-32.31172450974198,-20.303241074168326,-45.80324107416833,-23.57636843424327
6,-8.20255669607613,-33.70255669607613,-11.475684056151081,-19.776636811954994,-45.276636811955,-23.049764172029953
7,-6.6074782650097745,-32.10747826500976,-9.880605625084712,-13.966791633450768,-39.46679163345077,-17.239918993525706
8,-73.13219047483273,-98.63219047483271,-76.40531783490766,-61.94631443521241,-87.4463144352124,-65.21944179528735
9,-20.98055293219585,-46.48055293219585,-24.2536802922708,-20.610988652377415,-46.110988652377415,-23.88411601245238
10,-6.745053088802564,-32.245053088802564,-10.018180448877501,-9.945557776854287,-35.44555777685429,-13.218685136929238
11,-7.839603752036766,-33.33960375203675,-11.112731112111703,-12.812377182430893,-38.31237718243088,-16.085504542505845
12,-24.07342573783295,-49.57342573783295,-27.34655309790788,-24.98784555125568,-50.4878455512557,-28.260972911330626
13,-21.45664307757474,-46.95664307757474,-24.72977043764969,-40.32792877678948,-65.82792877678948,-43.60105613686443
14,-15.957584322257873,-41.45758432225789,-19.23071168233281,-37.568580490345624,-63.06858049034564,-40.84170785042057
15,-61.20914940301269,-86.70914940301269,-64.48227676308764,-51.0579602123596,-76.5579602123596,-54.331087572434534
16,-34.86046621926696,-60.36046621926698,-38.133593579341905,-16.361537048767886,-41.861537048767886,-19.634664408842823
17,-35.66829593876081,-61.16829593876081,-38.94142329883576,-44.13614873481558,-69.63614873481558,-47.409276094890515
18,-11.888681242068529,-37.38868124206853,-15.16180860214348,-24.70860106367546,-50.20860106367546,-27.981728423750404
19,-9.98017809399039,-35.48017809399039,-13.253305454065327,-14.552804297902455,-40.052804297902455,-17.825931657977392
20,-5.7698555034959185,-31.269855503495904,-9.04298286357087,-17.46485615576308,-42.96485615576307,-20.737983515838025
21,-27.182595714607253,-52.68259571460726,-30.45572307468221,-25.758036750299112,-51.25803675029911,-29.031164110374043
22,-36.11274067892444,-61.61274067892444,-39.38586803899939,-41.883854735997986,-67.38385473599799,-45.15698209607293
23,-22.100993554204862,-47.60099355420486,-25.3741209142798,-31.798816622759148,-57.298816622759134,-35.07194398283409
24,-14.465200590683018,-39.965200590683025,-17.738327950757963,-14.356318971176961,-39.85631897117696,-17.6294463312519
25,-23.744289763296578,-49.24428976329658,-27.01741712337153,-24.11758125640013,-49.61758125640013,-27.39070861647508
26,-25.18485033585695,-50.68485033585695,-28.457977695931888,-32.7971882392667,-58.2971882392667,-36.07031559934164
27,-5.337020618267438,-30.837020618267445,-8.610147978342397,-4.30550638030202,-29.80550638030202,-7.578633740376972
28,-5.818380664660268,-31.318380664660268,-9.091508024735191,2.9324374008175766,-22.567562599182423,-0.3406899592573751
29,-21.756355405631716,-47.25635540563172,-25.029482765706675,-15.475324884345845,-40.97532488434585,-18.74845224442079
30,-33.22633009955739,-58.72633009955739,-36.49945745963233,-28.87227200829387,-54.372272008293876,-32.145399368368814
31,-33.5596709363581,-59.0596709363581,-36.832798296433054,-30.352740460308375,-55.85274046030838,-33.625867820383334
32,-35.82471016681096,-61.324710166810945,-39.097837526885904,-29.59702998725937,-55.09702998725937,-32.8701573473343
33,-14.51654058233325,-40.01654058233325,-17.789667942408215,-9.050210539125132,-34.55021053912513,-12.32333789920007
34,-51.81586153849503,-77.31586153849503,-55.08898889856998,-52.32186562831512,-77.82186562831512,-55.59499298839006
35,-29.069201802179492,-54.56920180217949,-32.34232916225443,-38.736397016266366,-64.23639701626637,-42.00952437634131
36,-1.049936645495137,-26.549936645495137,-4.323064005570103,-5.585892093536131,-31.08589209353613,-8.859019453611069
37,-17.6085446309296,-43.1085446309296,-20.881671991004552,-18.464733756954146,-43.96473375695413,-21.737861117029098
38,-45.61150557720229,-71.11150557720228,-48.88463293727723,-38.67573851711479,-64.17573851711478,-41.94886587718973
39,1.2920123358344853,-24.20798766416553,-1.9811150242404665,-11.266458011373714,-36.766458011373714,-14.539585371448666
40,-14.31356810610366,-39.81356810610366,-17.586695466178604,-16.893489983388335,-42.393489983388335,-20.16661734346328
41,-27.10326682642969,-52.603266826429675,-30.376394186504626,-40.950464605805045,-66.45046460580505,-44.22359196587999
42,-21.617206678844852,-47.11720667884485,-24.89033403891979,-17.621554072735847,-43.12155407273585,-20.894681432810813
43,-24.273854085161496,-49.77385408516149,-27.546981445236447,-23.388265077540126,-48.888265077540126,-26.661392437615078
44,37.23692170985812,11.736921709858109,33.96379434978317,23.574263630773956,-1.9257363692260299,20.301136270699004
45,-16.815219242182998,-42.31521924218299,-20.088346602257957,-16.259433409452583,-41.75943340945258,-19.532560769527535
46,-96.18687499382213,-121.6868749938221,-99.46000235389707,-71.99511245232874,-97.49511245232873,-75.26823981240369
47,-25.491970988890948,-50.991970988890955,-28.765098348965893,-26.152428082432806,-51.652428082432806,-29.425555442507743
48,-5.208991476229237,-30.70899147622923,-8.482118836304181,-5.800977029109092,-31.300977029109077,-9.074104389184043
49,-21.747515451754218,-47.24751545175421,-25.020642811829163,-18.118516214687048,-43.61851621468705,-21.391643574762014
50,-25.65420591152474,-51.15420591152474,-28.9273332715997,-33.55116212993943,-59.05116212993943,-36.82428949001438
51,-38.963401777155596,-64.4634017771556,-42.236529137230534,-29.538727068239353,-55.03872706823935,-32.81185442831429
52,-24.104603244991964,-49.604603244991964,-27.3777306050669,-28.08577114367305,-53.58577114367307,-31.358898503747994
53,-12.290513004652745,-37.79051300465275,-15.563640364727675,-8.829559760423663,-34.32955976042366,-12.1026871204986
54,-15.744608341431714,-41.244608341431714,-19.017735701506652,-32.170012250158834,-57.670012250158834,-35.44313961023378
55,-41.32756336452896,-66.82756336452894,-44.60069072460391,-34.8260299540087,-60.3260299540087,-38.099157314083655
56,-34.34069969416976,-59.84069969416976,-37.6138270542447,-30.047870308955112,-55.54787030895511,-33.32099766903008
57,-58.09204666826076,-83.59204666826076,-61.3651740283357,-47.300450701528845,-72.80045070152885,-50.57357806160378
58,-5.958404936747002,-31.458404936747,-9.231532296821939,-3.293698235156455,-28.793698235156455,-6.566825595231407
59,-51.25098022405383,-76.75098022405385,-54.524107584128785,-32.10639487461208,-57.60639487461208,-35.37952223468703
60,-21.770139070010707,-47.270139070010714,-25.043266430085666,-16.034257519568754,-41.53425751956877,-19.307384879643706
61,-72.34487626210861,-97.8448762621086,-75.61800362218355,-44.77412987353587,-70.27412987353587,-48.047257233610814
62,-35.57371312836277,-61.07371312836277,-38.846840488437735,-36.984630562223344,-62.48463056222333,-40.25775792229828
63,43.82546414383872,18.325464143838715,40.55233678376379,22.514914056394858,-2.9850859436051422,19.241786696319906
64,-17.364275104093466,-42.86427510409348,-20.637402464168403,-16.196620954286637,-41.69662095428663,-19.469748314361595
65,-9.127991167941211,-34.62799116794122,-12.40111852801617,-15.585547461065396,-41.085547461065396,-18.85867482114034
66,-20.19806901582571,-45.69806901582572,-23.471196375900647,-36.76476924005844,-62.264769240058456,-40.03789660013338
67,-20.92224852497675,-46.42224852497675,-24.195375885051675,-16.127262108345008,-41.62726210834501,-19.40038946841996
68,-17.263171322916207,-42.76317132291621,-20.536298682991145,-28.060626394575422,-53.56062639457542,-31.333753754650374
69,-20.436478356416323,-45.93647835641633,-23.709605716491268,-21.09905117018905,-46.59905117018904,-24.372178530263994
70,-16.801776339522227,-42.30177633952223,-20.074903699597172,-18.734004471986694,-44.234004471986694,-22.007131832061653
71,-37.093445734693034,-62.593445734693034,-40.366573094767965,-26.966906171210823,-52.46690617121082,-30.24003353128576
72,4.594022918579043,-20.905977081420957,1.3208955585040911,6.509103232242566,-18.990896767757434,3.2359758721676144
73,-14.628160874963527,-40.12816087496353,-17.901288235038464,-5.7961007438212775,-31.29610074382127,-9.069228103896222
74,-18.597885518707614,-44.09788551870761,-21.871012878782558,-27.1016239307139,-52.6016239307139,-30.374751290788865
75,-31.17940569239657,-56.67940569239657,-34.452533052471495,-26.86294146591927,-52.36294146591928,-30.13606882599423
76,9.04461456664015,-16.45538543335985,5.771487206565183,-4.798813177879424,-30.298813177879424,-8.07194053795439
77,-15.122365818430495,-40.622365818430495,-18.395493178505433,-26.446317678125126,-51.946317678125126,-29.719445038200064
78,-40.34386032309678,-65.84386032309678,-43.616987683171715,-40.78847100034512,-66.28847100034511,-44.06159836042005
79,-59.28840414160364,-84.78840414160365,-62.56153150167859,-27.70615792729791,-53.20615792729791,-30.979285287372846
80,-8.114511658909699,-33.61451165890969,-11.387639018984629,-10.895803189032485,-36.39580318903249,-14.16893054910743
81,-21.170563170406822,-46.67056317040682,-24.443690530481746,-27.592516972907532,-53.09251697290753,-30.865644332982484
82,-17.988195098812156,-43.488195098812156,-21.261322458887108,-25.314997208240214,-50.814997208240214,-28.588124568315173
83,-11.657975646045344,-37.157975646045344,-14.93110300612031,-13.590603193391637,-39.090603193391644,-16.86373055346658
84,-47.57173902916739,-73.07173902916739,-50.84486638924233,-33.50219037228726,-59.00219037228726,-36.7753177323622
85,4.287693072187167,-21.212306927812833,1.0145657121122156,-1.759817794939437,-27.259817794939437,-5.032945155014389
86,-18.262420331386068,-43.76242033138607,-21.535547691461034,-36.96672613475508,-62.46672613475508,-40.239853494830015
87,-14.982409060689832,-40.48240906068983,-18.255536420764784,-9.972244689535827,-35.47224468953583,-13.245372049610765
88,-26.728908596335373,-52.22890859633537,-30.00203595641031,-46.11823702805057,-71.61823702805057,-49.39136438812553
89,-24.002437576050518,-49.502437576050525,-27.275564936125463,-29.84618566119112,-55.34618566119112,-33.11931302126605
90,-27.213511858160913,-52.71351185816091,-30.48663921823585,-29.62257607159406,-55.12257607159407,-32.89570343166899
91,-32.65305939059286,-58.15305939059286,-35.92618675066781,-27.989731464943375,-53.48973146494336,-31.262858825018327
92,-30.39140589421804,-55.89140589421804,-33.664533254293005,-20.604498927000925,-46.10449892700093,-23.87762628707587
93,-14.240126086123958,-39.740126086123965,-17.513253446198902,-22.023516816100916,-47.52351681610091,-25.296644176175874
94,-49.08901828876574,-74.58901828876574,-52.362145648840695,-44.583466028662244,-70.08346602866226,-47.856593388737195
95,-11.570898617203625,-37.070898617203625,-14.844025977278562,-6.2723749739309085,-31.77237497393091,-9.545502334005874
96,-6.626998411037434,-32.12699841103745,-9.900125771112386,-4.786474979455797,-30.286474979455804,-8.059602339530741
97,-37.31338966247509,-62.81338966247509,-40.58651702255001,-37.08559399151897,-62.58559399151895,-40.358721351593914
98,-19.567223698238976,-45.06722369823899,-22.840351058313928,-28.111384976528683,-53.61138497652867,-31.38451233660362
99,-5.67778275236391,-31.17778275236391,-8.950910112438848,-3.865707404347887,-29.365707404347887,-7.138834764422839
100,-35.206520961344594,-60.70652096134458,-38.479648321419546,-30.744296291711564,-56.244296291711564,-34.0174236517865
101,-27.488358744200276,-52.98835874420027,-30.761486104275207,-29.921520269821343,-55.42152026982134,-33.194647629896274
102,-25.247101133087625,-50.747101133087625,-28.520228493162577,-27.476226386004086,-52.976226386004086,-30.74935374607901
103,-13.925111914237178,-39.42511191423718,-17.198239274312115,-24.669226106686537,-50.16922610668652,-27.94235346676149
104,-24.39170945788942,-49.89170945788942,-27.664836817964364,-39.587711909312695,-65.0877119093127,-42.860839269387625
105,-34.93278808540933,-60.43278808540934,-38.205915445484266,-33.528420545924746,-59.02842054592473,-36.80154790599968
106,-50.05726084625673,-75.55726084625675,-53.330388206331676,-56.22168251913776,-81.72168251913776,-59.494809879212696
107,-60.9942223085226,-86.49422230852261,-64.26734966859756,-52.92214988033449,-78.42214988033449,-56.19527724040943
108,-30.351081409944413,-55.85108140994441,-33.62420877001938,-32.213628012983335,-57.713628012983335,-35.4867553730583
109,-14.646398224823038,-40.14639822482303,-17.919525584897997,-17.700802544055776,-43.200802544055776,-20.9739299041307
110,-3.1846667366104455,-28.684666736610453,-6.457794096685376,-14.158957164996636,-39.658957164996636,-17.432084525071588
111,-6.741823098660447,-32.24182309866045,-10.014950458735385,-12.553966329911226,-38.05396632991123,-15.827093689986171
112,-28.43819696057996,-53.93819696057996,-31.711324320654903,-18.068996970809494,-43.56899697080949,-21.34212433088443
113,-38.83968933596229,-64.33968933596229,-42.11281669603723,-36.006363097492056,-61.506363097492056,-39.27949045756701
114,-16.2563396711654,-41.75633967116539,-19.52946703124033,-10.514904334170069,-36.01490433417007,-13.78803169424502
115,14.259025452503337,-11.240974547496663,10.985898092428386,1.8828558731407412,-23.61714412685926,-1.3902714869341963
116,-49.390934605831625,-74.8909346058316,-52.66406196590657,-33.876945679776966,-59.37694567977698,-37.150073039851904
117,-25.623647378805074,-51.123647378805074,-28.896774738880026,-20.41531068770783,-45.91531068770783,-23.688438047782782
118,-7.263062730426526,-32.763062730426526,-10.536190090501478,0.09289672742032451,-25.407103272579675,-3.180230632654613
119,-11.937496651087997,-37.43749665108798,-15.210624011162935,-29.017689614946214,-54.51768961494622,-32.29081697502116
120,-8.808721178527065,-34.308721178527065,-12.081848538602017,-15.325035995328705,-40.825035995328705,-18.598163355403656
121,-8.24769796540555,-33.747697965405536,-11.520825325480502,-2.7938184128541224,-28.293818412854122,-6.066945772929074
122,-6.128364196850512,-31.628364196850512,-9.401491556925464,-5.314635211449598,-30.8146352114496,-8.587762571524536
123,-6.740299697882435,-32.240299697882435,-10.013427057957372,-10.882613737478877,-36.38261373747888,-14.1557410975538
124,-43.0360438595071,-68.5360438595071,-46.30917121958204,-41.4069351892266,-66.9069351892266,-44.68006254930155
125,-41.41932146931472,-66.9193214693147,-44.69244882938966,-50.59445923708003,-76.09445923708003,-53.86758659715497
126,-23.808574064616415,-49.30857406461644,-27.08170142469136,-30.63736438421367,-56.13736438421367,-33.910491744288635
127,-20.598223640626387,-46.0982236406264,-23.871351000701324,-30.931880794567057,-56.431880794567064,-34.205008154642
128,-10.545435600418841,-36.04543560041884,-13.818562960493807,-9.600980200274918,-35.10098020027493,-12.874107560349856
129,-38.23658617343122,-63.73658617343122,-41.50971353350617,-29.76282028363827,-55.26282028363826,-33.03594764371323
130,-31.546100712140387,-57.04610071214039,-34.819228072215324,-20.371176627092765,-45.871176627092765,-23.644303987167717
131,-20.41062728647988,-45.910627286479865,-23.683754646554817,-18.3943061038039,-43.8943061038039,-21.667433463878837
132,-16.87448094969381,-42.374480949693805,-20.147608309768756,-19.808882593516394,-45.3088825935164,-23.08200995359134
133,-21.691417083558143,-47.19141708355814,-24.964544443633088,-10.614455420430517,-36.11445542043052,-13.887582780505454
134,-18.45529679781994,-43.95529679781994,-21.728424157894892,-24.27002911594203,-49.77002911594204,-27.54315647601699
135,-87.60328684745596,-113.10328684745596,-90.87641420753093,-57.20063979032494,-82.70063979032494,-60.473767150399894
136,-35.895019929939586,-61.39501992993959,-39.16814729001452,-49.79147792682145,-75.29147792682144,-53.06460528689641
137,4.646982247532563,-20.853017752467437,1.3738548874576253,1.6738744629049336,-23.826125537095066,-1.599252897170004
138,-27.735102749908172,-53.23510274990817,-31.008230109983117,-28.477209161773274,-53.977209161773274,-31.750336521848226
139,-25.371362889556124,-50.871362889556124,-28.644490249631062,-22.364080942273176,-47.864080942273176,-25.6372083023481
140,-60.445432011673844,-85.94543201167384,-63.71855937174879,-36.48823214920088,-61.98823214920088,-39.76135950927582
141,-17.849501536242144,-43.349501536242144,-21.12262889631708,-20.315562708519934,-45.815562708519934,-23.58869006859487
142,7.954952387542093,-17.545047612457907,4.681825027467141,6.469648305909828,-19.03035169409017,3.196520945834891
143,-8.915987152122213,-34.41598715212221,-12.18911451219715,-17.27030717807711,-42.770307178077104,-20.54343453815207
144,-78.59427416102176,-104.09427416102176,-81.86740152109672,-63.58237676213803,-89.08237676213804,-66.85550412221298
145,-34.64012101051869,-60.1401210105187,-37.913248370593635,-30.813563059086967,-56.31356305908696,-34.08669041916191
146,-38.29692330014301,-63.79692330014301,-41.570050660217966,-29.771251112385045,-55.271251112385045,-33.04437847245999
147,-21.51191220756987,-47.01191220756987,-24.785039567644816,-22.406322814406977,-47.90632281440698,-25.67945017448193
148,-9.663872034305726,-35.163872034305726,-12.93699939438065,-0.2610137245484623,-25.761013724548462,-3.5341410846234282
149,-43.769350009702976,-69.26935000970298,-47.04247736977793,-24.554061984946657,-50.05406198494666,-27.827189345021623
150,-40.373092850243026,-65.87309285024303,-43.64622021031797,-47.33702203929622,-72.83702203929622,-50.61014939937118
151,-14.625535598232226,-40.12553559823222,-17.89866295830717,-19.206793242147285,-44.706793242147285,-22.479920602222222
152,-4.273986324109607,-29.773986324109615,-7.547113684184552,-6.498884698402364,-31.998884698402364,-9.772012058477316
153,5.185981065987377,-20.314018934012623,1.9128537059124255,8.105937310395518,-17.394062689604482,4.832809950320581
154,-11.021939661829286,-36.52193966182929,-14.295067021904245,-15.62397160483728,-41.12397160483728,-18.897098964912217
155,-38.35420235342036,-63.85420235342036,-41.627329713495314,-33.76703898674318,-59.26703898674319,-37.040166346818125
156,-43.86400392540289,-69.3640039254029,-47.137131285477835,-38.34074909513652,-63.840749095136516,-41.61387645521147
157,-24.380541861439056,-49.88054186143907,-27.653669221514008,-15.586320120326988,-41.086320120327,-18.859447480401926
158,-61.14059811409213,-86.64059811409211,-64.41372547416708,-47.99099472267005,-73.49099472267004,-51.264122082745
159,-6.02518173481451,-31.52518173481451,-9.298309094889461,-9.721205764280285,-35.221205764280285,-12.994333124355236
160,-52.58460545827259,-78.0846054582726,-55.85773281834754,-39.124329974637234,-64.62432997463722,-42.39745733471218
161,-32.98114208905809,-58.48114208905809,-36.254269449133034,-38.13541351789311,-63.63541351789311,-41.40854087796806
162,-32.85917819785274,-58.35917819785274,-36.13230555792769,-31.45828343385915,-56.95828343385915,-34.731410793934074
163,-41.307159709100986,-66.80715970910099,-44.580287069175945,-44.77836636274825,-70.27836636274824,-48.051493722823196
164,-28.055761724124224,-53.55576172412424,-31.328889084199176,-36.30910453602502,-61.80910453602502,-39.58223189609995
165,-21.602142252337373,-47.10214225233737,-24.87526961241231,-40.912317191823064,-66.41231719182308,-44.185444551898
166,-27.86774263063463,-53.36774263063464,-31.14086999070959,-26.9705475918823,-52.470547591882294,-30.243674951957246
167,-33.62908432895942,-59.12908432895942,-36.90221168903436,-34.905871872801576,-60.405871872801576,-38.17899923287651
168,-17.64115734796708,-43.14115734796708,-20.914284708042004,-11.699155739761409,-37.19915573976141,-14.972283099836346
169,-21.560903581014557,-47.06090358101456,-24.83403094108951,-20.803330237236672,-46.30333023723668,-24.076457597311617
170,-15.586339836829168,-41.08633983682917,-18.859467196904106,-10.079073094683267,-35.57907309468327,-13.352200454758204
171,-46.77735230789293,-72.27735230789295,-50.05047966796788,-40.740145557572475,-66.24014555757248,-44.01327291764743
172,-53.44588251466466,-78.94588251466467,-56.719009874739605,-33.64267130620177,-59.14267130620178,-36.915798666276714
173,-33.1152492961686,-58.6152492961686,-36.388376656243565,-30.897829450295895,-56.39782945029589,-34.17095681037084
174,-14.423374959956476,-39.923374959956476,-17.69650232003142,-13.940305793251397,-39.4403057932514,-17.213433153326335
175,0.9743563541973401,-24.52564364580266,-2.2987710058775974,-11.98691701993701,-37.48691701993701,-15.260044380011948
176,6.542112693004434,-18.95788730699556,3.268985332929489,-9.327004255980711,-34.82700425598071,-12.600131616055648
177,-35.49174977371382,-60.99174977371382,-38.76487713378877,-34.13306275842008,-59.633062758420095,-37.40619011849503
178,-2.645762312918322,-28.145762312918322,-5.918889672993259,-7.388170128145227,-32.88817012814522,-10.661297488220171
179,-5.435204600188868,-30.935204600188868,-8.708331960263806,-4.4095231607380185,-29.90952316073802,-7.6826505208129845
180,-62.114024687539995,-87.61402468754,-65.38715204761493,-29.292454754740618,-54.79245475474062,-32.56558211481557
181,-35.6727192198839,-61.1727192198839,-38.945846579958854,-25.703951482658283,-51.20395148265828,-28.977078842733228
182,-11.69613194557067,-37.19613194557067,-14.969259305645622,-13.120254740362896,-38.620254740362896,-16.393382100437833
183,-32.32640255322259,-57.82640255322259,-35.59952991329753,-19.89364169247392,-45.39364169247392,-23.166769052548858
184,11.245839218787992,-14.254160781212008,7.9727118587130406,2.064975048799198,-23.435024951200802,-1.2081523112757395
185,-35.86956214407026,-61.36956214407026,-39.1426895041452,-42.63341699723717,-68.13341699723716,-45.906544357312114
186,-32.50372431856595,-58.00372431856593,-35.776851678640895,-32.94466769369486,-58.44466769369484,-36.217795053769805
187,-3.6594591232467764,-29.159459123246776,-6.932586483321714,-23.53590149002865,-49.03590149002865,-26.809028850103587
188,-22.93201667054283,-48.43201667054282,-26.20514403061776,-10.090374652012855,-35.590374652012855,-13.363502012087807
189,-17.689791150037834,-43.189791150037834,-20.96291851011277,-15.464656511647789,-40.9646565116478,-18.73778387172274
190,-12.965797189251091,-38.46579718925109,-16.238924549326043,-13.692432844460697,-39.19243284446071,-16.965560204535635
191,-0.16858602089415342,-25.668586020894153,-3.441713380969105,-4.984173812854465,-30.484173812854465,-8.25730117292943
192,-22.62447808321258,-48.12447808321258,-25.897605443287517,-20.626712508237787,-46.12671250823779,-23.899839868312725
193,-62.0739690220497,-87.57396902204971,-65.34709638212465,-43.418729984022505,-68.91872998402249,-46.69185734409746
194,-43.39596711510712,-68.89596711510711,-46.669094475182064,-28.412249524244658,-53.91224952424466,-31.685376884319595
195,-55.92688500895516,-81.42688500895517,-59.20001236903009,-57.59699613365355,-83.09699613365353,-60.87012349372849
196,6.409675927818235,-19.090324072181772,3.13654856774329,12.361251709448972,-13.138748290551035,9.088124349374027
197,-11.805966934300933,-37.30596693430094,-15.079094294375878,-7.671785760666609,-33.17178576066661,-10.944913120741546
198,-15.942841407065508,-41.4428414070655,-19.215968767140453,-8.442962542440611,-33.94296254244061,-11.716089902515549
199,-2.0529513086348743,-27.552951308634874,-5.326078668709812,-9.18182324470233,-34.68182324470233,-12.454950604777267
200,-31.571282768981355,-57.07128276898135,-34.8444101290563,-46.253933084425285,-71.75393308442528,-49.52706044450023
201,-10.856977960575406,-36.356977960575406,-14.130105320650344,-26.237322865890597,-51.737322865890604,-29.510450225965542
202,-75.42760315773442,-100.92760315773442,-78.70073051780935,-46.75012810836395,-72.25012810836394,-50.02325546843889
203,-14.104259402060904,-39.604259402060904,-17.377386762135856,-24.854241383810646,-50.354241383810646,-28.127368743885604
204,-32.543682030997275,-58.043682030997275,-35.81680939107221,-23.900719416442747,-49.40071941644274,-27.173846776517706
205,-25.18310669154458,-50.68310669154458,-28.456234051619518,-10.4080317473382,-35.9080317473382,-13.681159107413137
206,-36.37421529536606,-61.87421529536606,-39.647342655440994,-27.486826063990577,-52.98682606399058,-30.75995342406553
207,-66.39712170890687,-91.89712170890687,-69.67024906898182,-37.50762070472423,-63.00762070472423,-40.78074806479917
208,-17.026724038365018,-42.52672403836502,-20.29985139843994,-18.545827951282547,-44.04582795128255,-21.818955311357513
209,-2.470816989746794,-27.970816989746794,-5.743944349821717,-1.5077561858028332,-27.007756185802833,-4.780883545877771
210,-8.5056148434467,-34.00561484344669,-11.778742203521631,-17.27957321439125,-42.77957321439125,-20.5527005744662
211,-19.043823700538297,-44.5438237005383,-22.31695106061325,-7.271974932532984,-32.771974932532984,-10.545102292607936
212,-23.7095035097734,-49.20950350977341,-26.98263086984835,-18.3087438254652,-43.8087438254652,-21.581871185540138
213,-24.78769198190345,-50.287691981903436,-28.0608193419784,-52.92800639623417,-78.42800639623415,-56.20113375630911
214,-25.000833638962305,-50.500833638962305,-28.27396099903723,-19.77333210678276,-45.273332106782775,-23.046459466857698
215,-24.50014559055272,-50.00014559055272,-27.773272950627657,-22.33361530602013,-47.833615306020135,-25.60674266609506
216,-21.830909877133678,-47.33090987713368,-25.10403723720863,-49.05417033387785,-74.55417033387785,-52.32729769395278
217,-22.38737258913332,-47.88737258913332,-25.660499949208287,-28.11048072137364,-53.61048072137364,-31.38360808144857
218,-13.734726587068863,-39.23472658706886,-17.0078539471438,-22.79380586323704,-48.293805863237054,-26.066933223311977
219,-9.792239769207995,-35.29223976920798,-13.065367129282947,-15.604433072065973,-41.10443307206597,-18.87756043214091
220,-46.549931338077855,-72.04993133807785,-49.82305869815281,-47.26278395825752,-72.76278395825753,-50.53591131833245
221,-34.756934295115556,-60.256934295115556,-38.030061655190494,-18.642394342971414,-44.142394342971414,-21.91552170304638
222,1.3403105326282798,-24.15968946737172,-1.932816827446672,-1.8639163579786668,-27.36391635797868,-5.137043718053604
223,-5.988735685959327,-31.488735685959313,-9.261863046034279,-16.49857716892072,-41.99857716892072,-19.77170452899567
224,5.995157032023073,-19.504842967976927,2.7220296719481354,-13.152720808436754,-38.652720808436754,-16.425848168511706
225,-33.31599739301799,-58.815997393017994,-36.58912475309293,-22.573158814877957,-48.07315881487796,-25.84628617495291
226,-15.217671301384655,-40.717671301384655,-18.490798661459607,-18.48143156931762,-43.98143156931762,-21.754558929392573
227,-42.51204705518808,-68.01204705518809,-45.785174415263015,-52.193010995139986,-77.69301099514,-55.46613835521492
228,-21.106842408690255,-46.606842408690255,-24.37996976876522,-35.23280188631642,-60.73280188631642,-38.505929246391375
229,-26.823682463246882,-52.32368246324688,-30.09680982332185,-30.674902698670877,-56.17490269867088,-33.94803005874582
230,-3.8074111325762345,-29.307411132576235,-7.080538492651186,0.3271841467131935,-25.172815853286806,-2.945943213361744
231,-28.464191040399115,-53.96419104039913,-31.737318400474066,-40.60261079484172,-66.10261079484172,-43.87573815491666
232,-25.19786308018314,-50.69786308018314,-28.470990440258106,-25.167026009295434,-50.66702600929543,-28.44015336937038
233,37.740683847626826,12.240683847626826,34.46755648755189,30.539036208516166,5.0390362085161655,27.265908848441228
234,-35.025147602560885,-60.525147602560885,-38.29827496263583,-30.3583680554933,-55.8583680554933,-33.631495415568246
235,-23.12149346505293,-48.62149346505291,-26.394620825127873,-26.059758649983713,-51.559758649983706,-29.332886010058658
236,-31.662212018056813,-57.162212018056806,-34.935339378131744,-33.352878216996665,-58.85287821699666,-36.626005577071595
237,-40.21469731491744,-65.71469731491743,-43.48782467499238,-28.624473450826642,-54.124473450826656,-31.897600810901594
238,-28.561357849448257,-54.06135784944827,-31.834485209523194,-17.338856902767887,-42.83885690276789,-20.611984262842824
239,-37.52778101785397,-63.02778101785397,-40.80090837792893,-26.63260772172317,-52.13260772172319,-29.905735081798113
240,-7.3239618874510555,-32.82396188745105,-10.597089247525986,-25.273321279443344,-50.773321279443344,-28.54644863951829
241,32.3179354097212,6.817935409721201,29.044808049646264,20.24597825205079,-5.25402174794921,16.97285089197584
242,0.8361641047969925,-24.663835895203007,-2.436963255277931,-0.7508506502598209,-26.25085065025982,-4.023978010334758
243,-27.012998897622694,-52.512998897622694,-30.286126257697653,-28.134088772271255,-53.634088772271255,-31.407216132346207
244,-25.550455472331087,-51.050455472331095,-28.823582832406046,-35.84108641046974,-61.34108641046974,-39.1142137705447
245,-19.685681874089326,-45.18568187408934,-22.958809234164264,-16.963600260209624,-42.46360026020962,-20.23672762028457
246,-43.657227789752845,-69.15722778975285,-46.93035514982779,-40.1421602622403,-65.64216026224031,-43.41528762231525
247,-19.431307756125733,-44.93130775612573,-22.704435116200685,-26.691374597622563,-52.19137459762254,-29.964501957697507
248,-29.132270235785583,-54.63227023578558,-32.40539759586051,-28.354061856451224,-53.854061856451224,-31.627189216526155
249,26.510982303724816,1.0109823037248162,23.237854943649864,7.382398219694593,-18.117601780305407,4.109270859619656
250,-45.41812127048999,-70.91812127048999,-48.69124863056494,-39.17507327899282,-64.67507327899281,-42.44820063906775
251,-32.99614961116693,-58.49614961116694,-36.26927697124188,-35.75381577550699,-61.25381577550698,-39.026943135581945
252,-48.98297624667592,-74.4829762466759,-52.256103606750855,-28.603517006471897,-54.10351700647189,-31.87664436654684
253,53.02989209754864,27.52989209754864,49.7567647374737,26.623595909517235,1.1235959095172348,23.350468549442283
254,14.245653902628462,-11.254346097371538,10.97252654255351,11.072264001604182,-14.427735998395818,7.799136641529245
255,-31.13526728839375,-56.63526728839375,-34.408394648468715,-9.7240926297265,-35.22409262972651,-12.997219989801437
256,-7.169431197875667,-32.66943119787567,-10.442558557950605,-9.31421632651417,-34.81421632651417,-12.587343686589108
257,-5.856733757867438,-31.356733757867445,-9.129861117942369,-1.4547026559890384,-26.95470265598904,-4.727830016063976
258,-27.385537925964954,-52.885537925964954,-30.65866528603989,-40.828102848302024,-66.32810284830202,-44.10123020837696
259,6.117239052580558,-19.382760947419442,2.8441116925056065,4.749645992295314,-20.750354007704686,1.476518632220376
260,-13.39928102383989,-38.89928102383989,-16.672408383914828,-6.711468863362086,-32.211468863362086,-9.984596223437023
261,-43.009000873550384,-68.50900087355038,-46.28212823362533,-49.24577724962694,-74.74577724962694,-52.5189046097019
262,-21.257052613323182,-46.75705261332318,-24.53017997339812,-15.24623149039985,-40.74623149039985,-18.519358850474788
263,-21.74649014959251,-47.24649014959252,-25.019617509667455,-22.00605655701751,-47.5060565570175,-25.27918391709244
264,-16.989683786857114,-42.489683786857114,-20.262811146932066,-29.699046295890867,-55.19904629589087,-32.97217365596581
265,-18.427747563441386,-43.927747563441386,-21.700874923516317,-16.087374396409366,-41.58737439640936,-19.360501756484297
266,-34.037535041790974,-59.537535041790974,-37.31066240186591,-35.67175730268369,-61.17175730268369,-38.944884662758646
267,-5.6327646387139865,-31.13276463871398,-8.905891998788945,-5.8917529926495575,-31.391752992649558,-9.164880352724495
268,-36.98160131164889,-62.48160131164889,-40.254728671723825,-42.2709838057995,-67.7709838057995,-45.544111165874455
269,-42.87412923430148,-68.37412923430149,-46.14725659437642,-47.00840960281164,-72.50840960281165,-50.281536962886584
270,-2.4618594922611123,-27.961859492261112,-5.734986852336064,-1.4127634900446395,-26.91276349004464,-4.685890850119577
271,-55.99951191456671,-81.49951191456672,-59.27263927464165,-51.73770182466645,-77.23770182466646,-55.0108291847414
272,-8.819051873839598,-34.3190518738396,-12.092179233914521,-9.766176347801853,-35.266176347801846,-13.039303707876797
273,6.092710105476172,-19.407289894523814,2.8195827454012203,6.001615722521834,-19.498384277478166,2.728488362446882
274,-22.389282194611,-47.889282194611,-25.662409554685944,-35.03944532280184,-60.53944532280184,-38.312572682876805
275,-4.758622605890423,-30.258622605890423,-8.031749965965375,-3.646816527109223,-29.146816527109223,-6.919943887184161
276,-35.632013011558804,-61.132013011558826,-38.90514037163375,-37.48836421349328,-62.9883642134933,-40.76149157356822
277,-42.28217480780917,-67.78217480780916,-45.55530216788412,-27.41945069186187,-52.91945069186187,-30.69257805193682
278,-23.420217961408724,-48.92021796140873,-26.693345321483662,-14.200535663565638,-39.70053566356563,-17.473663023640597
279,-34.46133253770739,-59.96133253770739,-37.734459897782344,-14.997639940360969,-40.49763994036098,-18.27076730043592
280,52.328809359584646,26.828809359584625,49.055681999509716,50.75008410447609,25.250084104476073,47.47695674440115
281,-7.780867131616006,-33.280867131616006,-11.053994491690943,-6.654067723198295,-32.154067723198295,-9.927195083273233
282,-19.86602970229586,-45.36602970229586,-23.139157062370813,-14.928925503198144,-40.428925503198144,-18.20205286327308
283,-14.37533903672913,-39.87533903672913,-17.648466396804054,-23.793309367910958,-49.29330936791095,-27.066436727985902
284,-61.56239699342361,-87.06239699342362,-64.83552435349854,-42.30136502921202,-67.80136502921201,-45.57449238928697
285,-12.570446610280854,-38.070446610280854,-15.843573970355791,-30.05394124008268,-55.55394124008268,-33.327068600157645
286,2.0106760982501157,-23.489323901749884,-1.262451261824836,0.8847692069783903,-24.61523079302161,-2.388358153096547
287,-47.44485358081347,-72.94485358081347,-50.71798094088843,-43.77966088942995,-69.27966088942993,-47.052788249504886
288,3.87469037722515,-21.62530962277485,0.6015630171501982,11.674946588724154,-13.825053411275846,8.401819228649202
289,-54.83095916084225,-80.33095916084224,-58.10408652091719,-37.93360216003033,-63.43360216003035,-41.20672952010527
290,-5.569675786058639,-31.06967578605864,-8.842803146133576,-3.557112658619502,-29.057112658619502,-6.830240018694454
291,-18.482020323443145,-43.98202032344315,-21.75514768351809,-20.31359294720511,-45.81359294720511,-23.586720307280075
292,-35.137037594120116,-60.637037594120116,-38.41016495419504,-30.88409025913429,-56.3840902591343,-34.157217619209234
293,-22.700175782490852,-48.200175782490845,-25.97330314256581,-29.199358293629665,-54.69935829362967,-32.472485653704595
294,-61.73874868755194,-87.23874868755195,-65.0118760476269,-63.51430080420518,-89.01430080420518,-66.78742816428012
295,-18.603837860453595,-44.10383786045358,-21.876965220528533,-26.34049503431242,-51.840495034312426,-29.613622394387377
296,-38.2756985483005,-63.7756985483005,-41.54882590837545,-27.673497630124935,-53.17349763012493,-30.946624990199865
297,-16.998471974141438,-42.49847197414144,-20.271599334216404,-18.30937391031358,-43.809373910313596,-21.58250127038852
298,-30.701736459323904,-56.20173645932391,-33.97486381939885,-49.322593092368365,-74.82259309236835,-52.59572045244331
299,-25.625225884466673,-51.12522588446667,-28.89835324454161,-17.262916700087843,-42.76291670008784,-20.53604406016278
300,-9.953163842305642,-35.453163842305656,-13.226291202380594,-15.266320757577027,-40.76632075757702,-18.539448117651972
301,-20.03431509387987,-45.53431509387987,-23.307442453954806,-18.154180038081307,-43.65418003808129,-21.427307398156245
302,-16.47814977497493,-41.97814977497492,-19.75127713504989,-13.045336009650526,-38.54533600965051,-16.318463369725464
303,-1.6262335834689097,-27.126233583468917,-4.899360943543854,-0.5635818907520473,-26.063581890752047,-3.836709250826999
304,-8.109907128905562,-33.60990712890556,-11.383034488980513,-7.535313307465472,-33.03531330746547,-10.80844066754041
305,-2.124113296935633,-27.624113296935633,-5.397240657010599,0.2379106855265718,-25.262089314473428,-3.035216674548394
306,-28.284860977037773,-53.784860977037766,-31.557988337112718,-20.750511001664876,-46.25051100166489,-24.023638361739813
307,-72.0583491264778,-97.5583491264778,-75.33147648655276,-48.162572281977404,-73.66257228197742,-51.435699642052356
308,-32.50442288628433,-58.00442288628433,-35.77755024635929,-35.43214960467334,-60.93214960467334,-38.705276964748286
309,-57.18399661249202,-82.68399661249202,-60.45712397256696,-33.42232401558012,-58.9223240155801,-36.69545137565507
310,-48.721758091094244,-74.22175809109424,-51.99488545116919,-27.12188519448941,-52.62188519448941,-30.39501255456436
311,-29.66858446081236,-55.168584460812355,-32.94171182088732,-27.214427891863316,-52.714427891863295,-30.48755525193826
312,-6.177805124238354,-31.67780512423836,-9.450932484313284,-1.0887661516979392,-26.58876615169794,-4.361893511772891
313,-13.241509573681142,-38.74150957368114,-16.514636933756094,-18.567493874293625,-44.06749387429363,-21.84062123436857
314,-22.74862484695663,-48.24862484695663,-26.021752207031568,-25.327831436753918,-50.82783143675394,-28.600958796828863
315,-13.177753739101348,-38.67775373910136,-16.450881099176286,-17.310792970349155,-42.810792970349155,-20.583920330424107
316,-30.626187644010706,-56.126187644010706,-33.89931500408565,-30.8329964882943,-56.3329964882943,-34.106123848369265
317,-31.66597874205867,-57.165978742058684,-34.93910610213361,-29.276908608715317,-54.77690860871532,-32.550035968790255
318,-26.235619989437545,-51.73561998943754,-29.508747349512475,-29.678467602491196,-55.178467602491196,-32.95159496256613
319,34.72748239917831,9.227482399178314,31.454355039103348,14.142496744683072,-11.357503255316928,10.86936938460812
320,-31.184217617074083,-56.68421761707407,-34.457344977149035,-23.589142548892156,-49.08914254889217,-26.862269908967107
321,-58.05043262828774,-83.55043262828774,-61.32355998836269,-59.97243731667717,-85.47243731667717,-63.24556467675212
322,14.28890280366025,-11.21109719633975,11.015775443585312,-0.5168350385166889,-26.01683503851669,-3.7899623985916264
323,-23.136607198604338,-48.63660719860434,-26.409734558679276,-17.922480556960963,-43.42248055696098,-21.1956079170359
324,-45.72038677551137,-71.22038677551137,-48.9935141355863,-38.89893507553842,-64.39893507553842,-42.17206243561337
325,-12.445073685189726,-37.945073685189726,-15.718201045264664,-20.54904375932466,-46.04904375932466,-23.822171119399584
326,-23.61344179356096,-49.11344179356095,-26.886569153635904,-26.51128976660661,-52.01128976660661,-29.78441712668156
327,-42.02230858818729,-67.52230858818729,-45.29543594826224,-39.643554608077665,-65.14355460807766,-42.91668196815263
328,-21.090463723310407,-46.59046372331041,-24.36359108338535,-21.796690524636468,-47.29669052463647,-25.069817884711412
329,5.47407447296554,-20.02592552703446,2.200947112890617,-0.2605221388677563,-25.760522138867756,-3.533649498942694
330,-36.96297946593334,-62.46297946593333,-40.23610682600828,-34.09120306764528,-59.59120306764528,-37.36433042772025
331,-19.174409505090225,-44.674409505090225,-22.447536865165176,-20.177774052244402,-45.6777740522444,-23.45090141231934
332,-58.41441075459905,-83.91441075459906,-61.68753811467399,-52.11654926384544,-77.61654926384543,-55.389676623920394
333,-25.000897332632135,-50.50089733263212,-28.274024692707087,-26.277512663585178,-51.777512663585185,-29.550640023660137
334,-43.63808084561288,-69.13808084561288,-46.91120820568783,-47.13273870414059,-72.63273870414059,-50.40586606421554
335,-29.576461236337558,-55.076461236337565,-32.849588596412495,-31.818488316915776,-57.318488316915776,-35.09161567699074
336,-26.947158457763805,-52.447158457763805,-30.220285817838757,-32.70434257795729,-58.20434257795729,-35.97746993803224
337,-62.46761814249981,-87.96761814249982,-65.74074550257474,-38.7582980135777,-64.2582980135777,-42.03142537365265
338,-26.147283854176493,-51.64728385417649,-29.420411214251438,-25.837875861672906,-51.3378758616729,-29.111003221747865
339,-45.080849633981686,-70.5808496339817,-48.35397699405664,-48.886005328012544,-74.38600532801253,-52.15913268808748
340,-8.649891506337326,-34.14989150633731,-11.923018866412264,-11.024237260060005,-36.524237260060005,-14.297364620134957
341,0.7242597322467788,-24.775740267753235,-2.548867627828159,-6.822117829675868,-32.32211782967586,-10.095245189750813
342,-21.94097277514078,-47.44097277514078,-25.21410013521573,-21.873178853630705,-47.373178853630705,-25.146306213705657
343,-6.177235301874013,-31.67723530187402,-9.450362661948958,-13.477372443398068,-38.97737244339807,-16.75049980347299
344,-7.755531608972291,-33.25553160897229,-11.028658969047228,-4.588436012994947,-30.088436012994947,-7.86156337306987
345,-15.161200497522103,-40.6612004975221,-18.43432785759704,-30.798891773272025,-56.29889177327203,-34.07201913334697
346,-0.6505579143814799,-26.150557914381466,-3.9236852744564317,-0.389022087179157,-25.889022087179157,-3.6621494472541087
347,12.894508508151205,-12.605491491848795,9.621381148076267,3.848778696589484,-21.651221303410523,0.5756513365145537
348,-23.86142692365671,-49.36142692365671,-27.13455428373163,-22.665899637528355,-48.165899637528355,-25.939026997603293
349,-26.664131173754058,-52.16413117375406,-29.937258533829002,-23.026021570883643,-48.52602157088364,-26.299148930958573
350,-73.56408868629231,-99.06408868629231,-76.83721604636725,-46.8176059359552,-72.3176059359552,-50.09073329603014
351,-49.93464629776328,-75.43464629776328,-53.20777365783822,-32.55077233362444,-58.05077233362442,-35.823899693699374
352,-5.372765957261677,-30.872765957261663,-8.6458933173366,-16.933805145864056,-42.43380514586407,-20.206932505938994
353,-54.305644333005255,-79.80564433300526,-57.5787716930802,-48.54920382408144,-74.04920382408145,-51.82233118415638
354,-81.26637229373046,-106.76637229373046,-84.53949965380538,-61.47366470498454,-86.97366470498454,-64.74679206505948
355,-7.033503494022064,-32.53350349402207,-10.306630854097008,-1.811779339044982,-27.311779339044975,-5.0849066991199265
356,-27.142494079826236,-52.642494079826236,-30.415621439901173,-27.10971861137206,-52.60971861137206,-30.38284597144699
357,-51.39627238107146,-76.89627238107147,-54.66939974114641,-46.89937056850528,-72.39937056850528,-50.17249792858024
358,-17.719509267753864,-43.219509267753864,-20.992636627828816,-15.101304426912137,-40.60130442691214,-18.374431786987074
359,-19.434348301410964,-44.934348301410964,-22.707475661485887,-12.676332198516292,-38.17633219851629,-15.949459558591244
360,-28.049748826288265,-53.549748826288265,-31.322876186363217,-32.06452115186876,-57.56452115186876,-35.337648511943705
361,-44.66961525282003,-70.16961525282002,-47.94274261289496,-26.848976509341817,-52.34897650934181,-30.122103869416748
362,-23.301643334851775,-48.80164333485176,-26.574770694926713,-20.110977568041292,-45.61097756804131,-23.38410492811623
363,3.5915670480076045,-21.908432951992395,0.31843968793266697,4.9622408588165285,-20.53775914118347,1.6891134987415768
364,-15.877918284160287,-41.37791828416029,-19.15104564423524,-20.245912260398484,-45.745912260398484,-23.51903962047345
365,-27.649548148351705,-53.1495481483517,-30.92267550842665,-17.63729173670812,-43.13729173670812,-20.910419096783045
366,4.348102333636177,-21.151897666363823,1.0749749735612397,-12.876900344020214,-38.376900344020214,-16.150027704095166
367,3.1607198831594374,-22.33928011684057,-0.11240747691550723,8.950621652749113,-16.549378347250894,5.677494292674169
368,-17.72898692911302,-43.22898692911302,-21.002114289187986,-22.724673910526015,-48.22467391052602,-25.99780127060096
369,-8.822049410648575,-34.32204941064859,-12.095176770723526,-11.335517072978874,-36.835517072978874,-14.608644433053811
370,-3.1678633807282637,-28.667863380728264,-6.440990740803215,-5.413340997645818,-30.913340997645818,-8.686468357720756
371,7.104033179574934,-18.395966820425073,3.830905819499989,7.135799358422759,-18.36420064157724,3.862671998347821
372,-31.364211981318988,-56.86421198131899,-34.63733934139393,-24.86212893004464,-50.36212893004463,-28.1352562901196
373,-40.12709944988121,-65.6270994498812,-43.40022680995614,-36.1432718991454,-61.64327189914539,-39.41639925922034
374,4.195052507920707,-21.304947492079293,0.9219251478457693,-8.471953211157924,-33.971953211157924,-11.745080571232876
375,-16.318677127965387,-41.81867712796539,-19.59180448804034,-22.827734175662286,-48.327734175662286,-26.100861535737224
376,-20.12354796987193,-45.623547969871936,-23.396675329946873,-19.730722331750897,-45.2307223317509,-23.00384969182585
377,-51.125072185890104,-76.6250721858901,-54.39819954596505,-32.60273942346194,-58.10273942346194,-35.87586678353689
378,-48.75116086804512,-74.25116086804513,-52.02428822812007,-41.212380338679154,-66.71238033867915,-44.48550769875409
379,-11.992259056647136,-37.49225905664713,-15.265386416722066,-22.146339252486356,-47.64633925248636,-25.4194666125613
380,30.2329356880142,4.732935688014209,26.959808327939243,10.50328015358459,-14.996719846415417,7.23015279350966
381,-17.006657006218177,-42.50665700621818,-20.27978436629313,-13.251789332490034,-38.751789332490034,-16.524916692565
382,-38.042733167895676,-63.54273316789566,-41.315860527970614,-30.533839631799523,-56.03383963179954,-33.806966991874475
383,-11.313662556398867,-36.81366255639888,-14.586789916473805,-14.96920335423323,-40.46920335423323,-18.242330714308196
384,-34.2146429850016,-59.7146429850016,-37.48777034507655,-17.018823864740654,-42.518823864740654,-20.291951224815605
385,-40.407435971558755,-65.90743597155874,-43.68056333163369,-39.33587451311146,-64.83587451311148,-42.6090018731864
386,-69.61984330775744,-95.11984330775744,-72.89297066783239,-46.70235531327378,-72.20235531327378,-49.97548267334872
387,8.747694930304014,-16.752305069695993,5.47456757022907,4.344186074431484,-21.15581392556851,1.071058714356539
388,-9.91797147802177,-35.41797147802177,-13.191098838096721,-4.431560207708316,-29.931560207708316,-7.704687567783253
389,-21.47380516590382,-46.973805165903826,-24.746932525978764,-10.757332089574533,-36.25733208957453,-14.030459449649484
390,-23.866820303069957,-49.36682030306994,-27.13994766314491,-20.30389107866236,-45.803891078662375,-23.577018438737298
391,13.7977308247469,-11.702269175253107,10.524603464671955,12.740185882768763,-12.759814117231244,9.467058522693833
392,-23.258484493704913,-48.75848449370491,-26.53161185377985,-19.16263594962983,-44.66263594962983,-22.435763309704782
393,-54.81855165825523,-80.31855165825523,-58.09167901833018,-54.46456904688186,-79.96456904688185,-57.73769640695681
394,-62.85240060147361,-88.35240060147362,-66.12552796154856,-48.7631055904081,-74.2631055904081,-52.03623295048305
395,-8.444562786785866,-33.944562786785866,-11.717690146860818,-10.863529984612228,-36.36352998461223,-14.13665734468718
396,-50.24431809991901,-75.74431809991901,-53.51744545999398,-27.08547145017934,-52.58547145017934,-30.358598810254293
397,-16.3373396439561,-41.8373396439561,-19.61046700403105,-25.517213426732027,-51.01721342673203,-28.79034078680698
398,-26.056046819512424,-51.55604681951243,-29.32917417958737,-14.513539257164624,-40.01353925716461,-17.78666661723956
399,-35.04239423695968,-60.54239423695968,-38.31552159703461,-25.439742871283123,-50.939742871283116,-28.712870231358067
400,-11.8441602715181,-37.344160271518106,-15.117287631593044,-22.16615553173842,-47.66615553173842,-25.439282891813377
401,-9.543599254001393,-35.04359925400139,-12.81672661407633,-16.165976559147907,-41.66597655914791,-19.43910391922286
402,-13.347918394552892,-38.84791839455289,-16.62104575462783,-16.97046426642732,-42.47046426642733,-20.243591626502266
403,-22.140242679563585,-47.640242679563585,-25.413370039638515,-33.252612211865134,-58.752612211865134,-36.52573957194008
404,-39.56794168456446,-65.06794168456446,-42.84106904463941,-27.946979748292847,-53.44697974829285,-31.2201071083678
405,2.301203827229827,-23.198796172770173,-0.9719235328450964,0.9669645928070452,-24.533035407192955,-2.3061627672678924
406,-22.21191673150738,-47.71191673150739,-25.485044091582324,-28.193601342938663,-53.69360134293866,-31.466728703013615
407,-15.448175280950132,-40.948175280950124,-18.72130264102509,-15.171836342774967,-40.67183634277497,-18.44496370284991
408,-17.198333419644115,-42.698333419644115,-20.471460779719067,-25.772508919015678,-51.27250891901568,-29.04563627909063
409,46.47843417831683,20.978434178316846,43.205306818241894,30.92202402289017,5.422024022890156,27.64889666281522
410,-24.763793116917995,-50.263793116917995,-28.036920476992933,-30.505750687746456,-56.005750687746456,-33.778878047821394
411,-10.459041231357126,-35.95904123135713,-13.732168591432057,-18.257890041129897,-43.7578900411299,-21.531017401204835
412,-22.57089194148744,-48.070891941487446,-25.84401930156237,-31.71565972389459,-57.21565972389459,-34.98878708396954
413,1.958958455172393,-23.541041544827607,-1.3141689049025729,12.136022656581758,-13.363977343418242,8.86289529650682
414,-6.828017117747748,-32.32801711774775,-10.101144477822686,-12.86762588843856,-38.36762588843857,-16.140753248513505
415,-34.77724166824248,-60.27724166824247,-38.05036902831742,-28.131697744501437,-53.63169774450145,-31.404825104576375
416,-63.43980646810822,-88.93980646810823,-66.71293382818317,-47.042358466497205,-72.5423584664972,-50.31548582657215
417,-38.133127954714524,-63.633127954714524,-41.406255314789476,-33.527096247176395,-59.027096247176395,-36.80022360725134
418,-12.66194675831838,-38.161946758318365,-15.935074118393317,-16.97701756958108,-42.47701756958108,-20.250144929656045
419,-46.05010074655479,-71.55010074655479,-49.32322810662974,-21.62263429246913,-47.12263429246913,-24.895761652544067
420,-34.97846606695995,-60.47846606695995,-38.251593427034905,-30.68216841873096,-56.18216841873095,-33.95529577880592
421,-43.382902850321756,-68.88290285032174,-46.65603021039669,-15.176085243274628,-40.67608524327463,-18.449212603349594
422,-18.53491490872043,-44.034914908720424,-21.808042268795376,-21.033260169638403,-46.533260169638424,-24.306387529713348
423,-10.269339231124071,-35.769339231124064,-13.542466591199002,-19.130579568075603,-44.6305795680756,-22.403706928150548
424,-17.20978651635818,-42.70978651635818,-20.482913876433145,-25.567276834438047,-51.06727683443805,-28.840404194513013
425,-11.275426240605555,-36.775426240605555,-14.548553600680492,-24.740176824395668,-50.24017682439566,-28.013304184470627
426,-15.740812784331112,-41.24081278433111,-19.013940144406057,-20.21080061616474,-45.71080061616473,-23.4839279762397
427,-48.806765389199505,-74.30676538919951,-52.07989274927445,-27.607998977898767,-53.107998977898774,-30.88112633797371
428,5.07517271365181,-20.42482728634819,1.8020453535768581,3.898118769160405,-21.60188123083961,0.6249914090854674
429,-29.542582942942545,-55.042582942942545,-32.8157103030175,-25.342554073298473,-50.84255407329846,-28.615681433373425
430,-13.85857469377676,-39.35857469377676,-17.131702053851697,-20.607129701339304,-46.1071297013393,-23.880257061414255
431,-16.419370941184,-41.919370941184,-19.69249830125895,-9.267056530058795,-34.767056530058795,-12.540183890133747
432,-30.361086791242357,-55.86108679124236,-33.63421415131728,-20.242383732799,-45.742383732799,-23.515511092873965
433,-20.3699672100596,-45.869967210059606,-23.643094570134537,-14.327425517358648,-39.82742551735865,-17.600552877433586
434,-21.981840668734037,-47.48184066873404,-25.25496802880899,-22.496357962023666,-47.996357962023666,-25.769485322098618
435,4.381463456870961,-21.11853654312904,1.108336096796009,-1.4482407107459068,-26.948240710745907,-4.721368070820844
436,-12.230323850542732,-37.73032385054272,-15.50345121061767,-22.51403345144334,-48.01403345144334,-25.78716081151829
437,-37.712450306165266,-63.21245030616528,-40.985577666240204,-27.6788537011266,-53.1788537011266,-30.951981061201536
438,-5.751186213604441,-31.25118621360444,-9.024313573679365,-5.968246053278392,-31.468246053278392,-9.241373413353344
439,-23.92532035574513,-49.42532035574513,-27.19844771582008,-46.71188146618653,-72.21188146618653,-49.98500882626148
440,-48.642439094935355,-74.14243909493536,-51.91556645501029,-28.43720524519979,-53.93720524519979,-31.710332605274715
441,-26.22160066530457,-51.72160066530455,-29.494728025379516,-27.7895410237401,-53.2895410237401,-31.06266838381505
442,-13.94058640013543,-39.44058640013543,-17.213713760210354,-38.13158794951013,-63.631587949510134,-41.40471530958507
443,-19.439942783856864,-44.939942783856864,-22.7130701439318,-12.758257109712446,-38.25825710971243,-16.031384469787383
444,4.781549913607378,-20.71845008639262,1.5084225535324265,-0.2162525610614665,-25.716252561061467,-3.489379921136404
445,-9.471591776499267,-34.97159177649927,-12.744719136574204,-9.282233423330752,-34.78223342333075,-12.555360783405703
446,-12.0081437612642,-37.50814376126419,-15.281271121339145,-13.697015075547277,-39.19701507554727,-16.970142435622222
447,-43.96061851170248,-69.46061851170246,-47.23374587177743,-37.75589969948886,-63.25589969948885,-41.0290270595638
448,-29.08186789949829,-54.58186789949829,-32.35499525957323,-26.191941734095025,-51.691941734095025,-29.465069094169962
449,-20.383769886078433,-45.88376988607844,-23.656897246153378,-21.714933270253603,-47.214933270253596,-24.988060630328533
450,-65.36842051006064,-90.86842051006064,-68.6415478701356,-38.021768370614495,-63.521768370614495,-41.29489573068945
451,-24.80057824950275,-50.30057824950275,-28.073705609577686,-23.81816627383698,-49.31816627383698,-27.091293633911917
452,-23.088237916504767,-48.58823791650477,-26.361365276579704,-21.82228234064197,-47.32228234064195,-25.095409700716914
453,-15.406916747953801,-40.9069167479538,-18.680044108028753,-17.932899799003337,-43.43289979900334,-21.206027159078275
454,-19.725435862086954,-45.225435862086954,-22.998563222161884,-25.461157069645864,-50.961157069645864,-28.734284429720816
455,2.2844963310183957,-23.215503668981597,-0.988631029056549,-15.374793227823119,-40.87479322782312,-18.647920587898057
456,-16.908392849271564,-42.408392849271564,-20.181520209346502,-16.08067630270071,-41.58067630270071,-19.35380366277566
457,-54.04979541321345,-79.54979541321345,-57.3229227732884,-57.2034712426928,-82.70347124269281,-60.47659860276775
458,-14.590883050787951,-40.09088305078795,-17.864010410862903,-30.119351961187235,-55.619351961187235,-33.39247932126219
459,-18.526927348543083,-44.0269273485431,-21.800054708618035,-20.052534377985197,-45.5525343779852,-23.32566173806015
460,-32.355736868858216,-57.855736868858216,-35.62886422893316,-28.437883797065872,-53.937883797065865,-31.711011157140817
461,-15.142882686158032,-40.64288268615802,-18.41601004623297,-28.550756161974967,-54.05075616197496,-31.823883522049925
462,-10.228040075329162,-35.72804007532915,-13.501167435404113,-12.96177061716827,-38.46177061716827,-16.234897977243236
463,-64.23007972594817,-89.7300797259482,-67.50320708602312,-36.90524992388572,-62.405249923885705,-40.17837728396066
464,-43.0991778008641,-68.5991778008641,-46.37230516093906,-29.02087900864779,-54.520879008647796,-32.294006368722734
465,16.306687152823997,-9.193312847176003,13.03355979274906,3.6980130144914796,-21.80198698550852,0.4248856544165278
466,-24.985155701844164,-50.485155701844164,-28.2582830619191,-17.2027989426487,-42.7027989426487,-20.475926302723636
467,-15.855873080763189,-41.35587308076319,-19.12900044083814,-37.189329188030044,-62.68932918803006,-40.46245654810499
468,-10.468677012397833,-35.96867701239783,-13.741804372472785,-20.174074146342697,-45.67407414634269,-23.447201506417642
469,-28.95323816321894,-54.45323816321894,-32.22636552329389,-28.32327880434829,-53.82327880434829,-31.596406164423243
470,-23.552298238813876,-49.052298238813876,-26.825425598888813,-18.961078258291934,-44.461078258291934,-22.234205618366886
471,-56.18960867713252,-81.68960867713253,-59.46273603720746,-44.548173596545986,-70.04817359654598,-47.82130095662093
472,-4.721724712095892,-30.22172471209589,-7.994852072170843,-3.7094754436545543,-29.209475443654554,-6.982602803729478
473,-15.266050348511087,-40.76605034851109,-18.539177708586024,-6.506943649925972,-32.00694364992597,-9.78007101000091
474,-61.26754064884017,-86.76754064884017,-64.5406680089151,-50.07556404415267,-75.57556404415267,-53.348691404227615
475,-4.731147681794454,-30.231147681794454,-8.004275041869391,-12.097197423884353,-37.59719742388435,-15.37032478395929
476,-18.657375256245054,-44.15737525624505,-21.93050261632,-19.8300677939517,-45.3300677939517,-23.103195154026636
477,-23.57813535615668,-49.07813535615668,-26.85126271623163,-32.780184418508384,-58.28018441850837,-36.05331177858332
478,-13.266774257729388,-38.766774257729395,-16.539901617804333,-16.16653081857553,-41.666530818575524,-19.439658178650475
479,-50.3151249370932,-75.8151249370932,-53.58825229716815,-41.42727621541851,-66.92727621541852,-44.70040357549347
480,-12.815481805284065,-38.315481805284065,-16.088609165359017,-21.48680626762839,-46.98680626762838,-24.759933627703333
481,-34.67027390728022,-60.17027390728022,-37.94340126735516,-31.78281137613922,-57.282811376139236,-35.055938736214166
482,-24.474901377304235,-49.974901377304235,-27.748028737379173,-28.342773319051815,-53.842773319051815,-31.615900679126767
483,-13.781357401426341,-39.281357401426334,-17.05448476150127,-14.447675143594537,-39.94767514359454,-17.72080250366946
484,-33.12834853399665,-58.62834853399665,-36.40147589407161,-47.66879224514988,-73.16879224514989,-50.94191960522481
485,-60.72112861848396,-86.22112861848396,-63.99425597855891,-42.25080141278838,-67.75080141278839,-45.52392877286332
486,-22.88749390421725,-48.387493904217266,-26.16062126429219,-19.041918886945496,-44.54191888694551,-22.315046247020433
487,-28.000848043244247,-53.50084804324423,-31.273975403319184,-33.29584528820594,-58.79584528820594,-36.56897264828088
488,-29.256401517413323,-54.75640151741332,-32.52952887748825,-37.130739381187446,-62.63073938118745,-40.40386674126239
489,-12.884064235896204,-38.384064235896204,-16.157191595971156,-14.17365980182079,-39.673659801820776,-17.44678716189574
490,-28.20994468681313,-53.70994468681313,-31.483072046888076,-45.191998891078455,-70.69199889107846,-48.46512625115341
491,-68.41486149655202,-93.914861496552,-71.68798885662696,-44.769843326154316,-70.26984332615433,-48.04297068622927
492,-25.864420307210338,-51.36442030721034,-29.137547667285283,-22.897742460685265,-48.397742460685265,-26.170869820760203
493,-48.83932373492281,-74.3393237349228,-52.112451094997766,-41.60916566318909,-67.10916566318909,-44.88229302326403
494,-3.636920867876725,-29.136920867876725,-6.910048227951677,-5.15727342032676,-30.65727342032676,-8.430400780401712
495,-17.831780182375155,-43.331780182375155,-21.10490754245012,-24.70903342546174,-50.20903342546174,-27.982160785536685
496,-24.339008017264334,-49.839008017264334,-27.61213537733927,-19.867850827317966,-45.367850827317966,-23.140978187392903
497,-26.227983745730228,-51.72798374573023,-29.50111110580518,-29.069849798265835,-54.56984979826582,-32.34297715834077
498,-5.361373877970934,-30.861373877970934,-8.634501238045871,-4.507258957344575,-30.007258957344575,-7.780386317419527
499,-42.28510861101644,-67.78510861101644,-45.55823597109139,-45.93152170915075,-71.43152170915073,-49.204649069225695
500,-31.421352624247,-56.921352624247,-34.694479984321944,-25.78483510603469,-51.28483510603469,-29.057962466109636
