stage,start,start_sse,polished_sse,iterations,evaluations,x0,x1,T_perceive
1_lhs,lhs_1,1200.6645084423546,541.0448002028243,79,2568,13.194979644009027,17.319066864814342,2.278827659051542
1_lhs,lhs_2,1993.6245714057736,492.8821479618084,117,3660,6.090099048295879,18.578842475846635,2.6989836623051016
1_lhs,lhs_3,2070.2111024530677,597.72089403477,36,912,17.377170812671306,19.379486275468686,6.059148595533446
1_lhs,lhs_4,2149.8088230238036,556.7992922529527,80,2796,8.640681618219492,18.534557493854077,3.0334151104165286
1_lhs,lhs_5,2619.7166866496805,470.2807378457124,137,2232,16.21293820759981,18.346249151188168,4.641280003844363
1_lhs,lhs_6,2722.238050135334,527.2926264962543,81,1644,17.089091488016866,19.229508314778872,12.41054890105564
1_lhs,lhs_7,2814.0889615062724,518.6145990215944,88,2256,16.931439627952393,19.261280420112186,11.632622638412467
1_lhs,lhs_8,2848.929526034771,545.1906442302204,177,3852,9.147970139724427,18.351516454981617,2.6273955460492293
1_lhs,lhs_9,3211.99567262129,502.917106170284,158,5664,14.097193670840602,18.469024231278713,4.553574227617534
1_lhs,lhs_10,3267.556546065098,550.1736414829783,98,1788,17.947213926355822,19.952192144825844,13.85417442243827
1_lhs,lhs_11,3377.766468745007,525.1563485777677,87,1668,17.235652524499763,19.311806646764172,9.674844709809372
1_lhs,lhs_12,3829.823224309746,502.18887698985395,159,6444,6.81135339861871,18.33506000590137,2.227540105462606
1_lhs,lhs_13,3951.6665904164106,535.8031871688888,139,3852,6.820467695382649,18.878982949055803,3.531984182563226
1_lhs,lhs_14,4071.427571928206,1162.5872759500915,27,2088,11.913640726434755,16.35015446633028,0.9979609072019924
1_lhs,lhs_15,4141.750539204357,613.3243306122155,52,2328,17.998462281156094,20.0,13.114538999191677
1_lhs,lhs_16,4203.272153428069,597.271350359896,34,3000,7.833859612703435,17.772581974964194,1.4737170205892671
1_lhs,lhs_17,4255.134229293846,376.02638433243766,221,4032,16.209149161376367,18.415034377898763,3.152078707236505
1_lhs,lhs_18,4335.4472657425595,519.6343177863404,32,1596,6.1141530157133035,18.39840470019395,2.000613218443399
1_lhs,lhs_19,4388.615038974477,516.370992387292,151,2784,16.290557166354812,18.29981024902771,4.314487218923279
1_lhs,lhs_20,4470.2738621845565,452.66738094340565,298,5052,16.376560803724367,18.609604444495268,5.294621237109886
