Parameter,Bound_lo,Bound_hi,Best_Fit,SE_hessian_approx_unreliable
b1,0.001,0.2,0.12858049670186533,2.8226321179034386
b2,5.0,25.0,15.937731510348446,21674.157426598245
x0,5.0,20.0,16.209149161376367,16230.34388587602
x1,14.0,20.0,18.415034377898763,913.0701623516317
c,0.02,2.0,0.1106040700573479,46.52891283477513
c1,0.8,4.0,3.98865242732534,715.7710275309097
gamma_const,0.35,1.4,1.3998765754263094,1.8588548432511576
mu_const,1.167,14.0,6.210701795838075,7840.760085157836
T_perceive,0.5,20.0,3.152078707236505,1132.0263823075375
sensitivity,0.005,0.2,0.013477421890529024,2.589399566484878
dispose_rate,2.0,7.5,7.481361074455468,228.1478401274364
