rank,lhs_sse,polished_sse,iterations,evaluations,x0,x1
1,1697.5036366717497,466.65716624259574,232,6384,8.171792933723053,18.56337336120167
2,1751.9607041139654,358.8255523497487,637,15022,14.298380278719096,18.49174140754862
3,1844.3635148726319,546.7224183444168,55,2002,9.880479462466964,18.508330225949578
4,2271.300328731356,649.649388582128,28,1358,9.444650681149648,20.000000000000004
5,2544.7245532551055,517.7696942307053,148,4340,15.290616374328772,18.14598958917575
6,2645.209314624909,487.17061349522317,145,5166,8.452078874073495,18.563005152314506
7,2669.5795985548266,838.4215881266048,59,1414,18.937163062951992,20.0
8,2754.7323659386175,500.8528065531713,23,812,18.087136864686684,19.132962462057666
9,2927.188155515527,487.7071443503947,96,2828,15.368724465083595,18.804537343628525
10,3226.3785735759616,456.252782951857,122,2562,17.047113839206887,18.05036713067166
11,3389.5030777758907,472.4358277754841,246,6132,8.130938427578409,18.555689528600897
12,3543.0899000701847,484.6133551336754,152,4676,18.024448919594015,19.147967201756575
13,3638.8222267004553,476.0801392374795,110,2324,17.81641405104592,18.83229761365392
14,3678.137305793879,488.42106744857637,274,6888,8.199629292693182,18.47092265229939
15,3709.571014228198,461.9878536151605,103,2240,17.302310544229282,18.32957856779554
16,3734.5714517348615,480.36366268663795,88,1694,17.49361862852146,18.77588885213516
17,3792.972090470752,518.0067259435108,49,1176,17.4981891447613,19.48662002788551
18,3845.602427984586,348.790207248119,297,5768,15.720777769764737,18.42338340495147
19,3866.3052301306248,463.956902386104,71,2212,15.960686362432229,18.362073140265814
20,4010.609952584154,396.23116966989124,237,4942,16.92569963599773,18.410320405654694
