delta_AIC_cum,delta_AICc_cum,delta_BIC_cum,delta_AIC_incr,delta_AICc_incr,delta_BIC_incr
6.8724078383937695,-8.450669084683156,3.5992804783188177,-2.7075389388487707,-18.030615861925696,-5.9806662989237225
4.722315512123259,-10.600761410953666,1.4491881520483076,15.019125735402284,-0.3039511876746275,11.745998375327332
1.6787305537622004,-13.644346369314718,-1.5943968063127514,6.7827016862583775,-8.540375236818548,3.509574326183426
-10.095390587129572,-25.418467510206497,-13.368517947204538,-20.589326531254102,-35.91240345433103,-23.862453891329054
28.677193504067958,13.354116580991032,25.404066143992992,16.883856831322916,1.5607799082460048,13.610729471247964
-44.8068569187585,-60.12993384183541,-48.07998427883345,-43.23578287498095,-58.55885979805788,-46.50891023505589
-9.01983691532817,-24.34291383840508,-12.292964275403122,-7.564495864463012,-22.887572787539938,-10.837623224537964
1.5370357654665554,-13.786041157610356,-1.7360915946083963,3.3815669991221,-11.941509923954811,0.10843963904714826
26.98722423992134,11.66414731684442,23.71409687984638,25.82534073050884,10.502263807431916,22.552213370433904
43.34126730635816,28.018190383281237,40.06813994628321,36.03510225460898,20.71202533153206,32.761974894534035
29.249146889834236,13.926069966757325,25.976019529759284,25.03838946872112,9.715312545644196,21.765262108646183
26.385836434684528,11.06275951160761,23.112709074609583,3.784773936624049,-11.538302986452877,0.511646576549083
-8.349164987466352,-23.672241910543264,-11.622292347541304,-3.019670394037604,-18.34274731711453,-6.292797754112556
26.64963285663582,11.326555933558893,23.376505496560853,28.874552780603423,13.551475857526498,25.601425420528486
44.75278344955945,29.429706526482533,41.47965608948451,28.858050091096914,13.534973168019988,25.584922731021976
29.90850210636667,14.585425183289743,26.635374746291717,28.78856594161062,13.465489018533702,25.515438581535676
-23.97932065725439,-39.3023975803313,-27.252448017329343,-19.2553662256837,-34.57844314876061,-22.528493585758653
50.60848978090006,35.28541285782313,47.335362420825106,35.58239218327204,20.259315260195123,32.3092648231971
5.941492414067909,-9.381584509009016,2.668365053992943,1.5378211728139206,-13.785255750263005,-1.7353061872610311
25.671785988301764,10.348709065224838,22.398658628226812,43.084303664828184,27.761226741751273,39.81117630475322
32.217658348192515,16.894581425115604,28.944530988117563,15.510453963714227,0.18737704063731542,12.237326603639275
10.698903878207432,-4.624173044869494,7.42577651813248,24.864306892406887,9.541229969329962,21.591179532331935
13.685409167611795,-1.6376677554651167,10.412281807536843,5.242640619925012,-10.080436303151913,1.969513259850089
8.439581931772707,-6.883494991304218,5.1664545716977415,6.216589595473877,-9.106487327603048,2.9434622353989113
54.96076436305217,39.63768743997525,51.68763700297722,47.268050534891266,31.944973611814348,43.994923174816314
2.136196908262818,-13.186880014814108,-1.1369304518121481,0.6093350542429761,-14.71374186883395,-2.6637923058319757
26.644036279397596,11.320959356320671,23.370908919322645,19.959557283092863,4.636480360015952,16.68642992301791
36.220273840011345,20.897196916934433,32.94714647993639,25.38756898557989,10.064492062502978,22.114441625504938
16.291675299875124,0.968598376798198,13.018547939800172,4.082736206407915,-11.240340716668996,0.8096088463329636
-8.493617074966934,-23.816693998043846,-11.766744435041886,-4.980661915253378,-20.30373883833029,-8.25378927532833
4.289134768228195,-11.03394215484873,1.0160074081532429,0.36381228842148516,-14.959264634655426,-2.9093150716534666
2.192409520910445,-13.13066740216648,-1.0807178391645067,-0.5742821705858461,-15.897359093662772,-3.847409530660798
43.29606844116054,27.972991518083617,40.02294108108558,40.291444166365196,24.96836724328827,37.018316806290244
30.78940558048243,15.466328657405512,27.51627822040748,19.489277695275533,4.166200772198607,16.21615033520058
-20.551948214250743,-35.87502513732767,-23.82507557432568,-13.614797207437853,-28.937874130514786,-16.887924567512805
0.038558327966342176,-15.284518595110583,-3.2345690321086096,0.5745223045784229,-14.748554618498503,-2.698605055496529
11.928917070894258,-3.3941598521826535,8.655789710819306,4.351509426489997,-10.971567496586914,1.0783820664150454
-4.130962059489391,-19.454038982566303,-7.404089419564343,-6.832179655509037,-22.155256578585963,-10.105307015584003
16.789522295607654,1.4664453725307283,13.516394935532702,12.395929380236552,-2.927147542840359,9.1228020201616
30.923761313881442,15.600684390804531,27.65063395380649,20.040721027382318,4.717644104305407,16.767593667307366
4.557418380243988,-10.765658542832938,1.2842910201690358,10.955861348450625,-4.367215574626286,7.682733988375674
-16.626746593688637,-31.949823516765562,-19.89987395376359,-11.75170704174171,-27.07478396481862,-15.024834401816662
34.947806524030014,19.62472960095309,31.674679163955048,19.996222120208913,4.673145197131987,16.723094760133947
26.97138932640877,11.648312403331843,23.698261966333803,37.1169717121686,21.79389478909168,33.84384435209364
-6.035451556846397,-21.358528479923322,-9.308578916921348,-3.5321018812939116,-18.855178804370823,-6.805229241368863
1.742541665448968,-13.580535257627943,-1.5305856946259837,1.2678575671111076,-14.055219355965804,-2.005269792963844
24.365263972718807,9.042187049641882,21.09213661264384,7.80579412838415,-7.517282794692775,4.532666768309213
19.55495401238862,4.231877089311709,16.28182665231367,11.66050913251506,-3.6625677905618517,8.387381772440108
16.089698332521266,0.7666214094443546,12.816570972446314,0.4710168304766711,-14.852060092600254,-2.8021105295982807
-4.67363022062527,-19.99670714370218,-7.946757580700222,18.270035262375856,2.9469583392989307,14.996907902300904
42.61020016257325,27.287123239496324,39.3370728024983,18.608551663399005,3.285474740322087,15.33542430332406
4.684783117535346,-10.638293805541565,1.4116557574603945,14.276676269117075,-1.04640065395985,11.00354890904211
-25.106467184041236,-40.42954410711816,-28.379594544116188,-17.956005451107927,-33.27908237418484,-21.22913281118288
5.371389520293377,-9.951687402783548,2.098262160218411,3.5217166284445796,-11.801360294632332,0.2485892683696278
36.02471716893996,20.701640245863032,32.75158980886499,19.399162174526225,4.0760852514493,16.12603481445126
40.827902451140076,25.50482552806315,37.554775091065125,35.61312597051024,20.290049047433314,32.33999861043529
70.47122506867206,55.148148145595115,67.1980977085971,48.20993547910355,32.886858556026624,44.9368081190286
-9.562831057516675,-24.885907980593586,-12.835958417591627,10.613072452203113,-4.7100044708738125,7.339945092128147
10.996240702422696,-4.326836220654229,7.7231133423477445,8.3155023136771,-7.007574609399811,5.042374953602149
45.027429870452835,29.70435294737591,41.75430251037788,24.009738416965604,8.686661493888678,20.736611056890666
2.722228221031088,-12.600848702045823,-0.5508991390438638,10.344356683442811,-4.9787202396341,7.071229323367859
48.379469761808224,33.056392838731284,45.10634240173327,85.51867229660215,70.19559537352521,82.24554493652721
8.840862106747153,-6.482214816329773,5.567734746672201,2.934266804058751,-12.388810119018174,-0.3388605560162006
1.2349156233661347,-14.088161299710777,-2.038211736708817,-2.1281396991298465,-17.451216622206772,-5.401267059204798
0.4453525322996086,-14.877724390777317,-2.827774827775343,0.9959027870084185,-14.327174136068521,-2.277224573066519
28.74456836925164,13.421491446174727,25.471441009176687,29.984631939186002,14.661555016109077,26.71150457911105
8.721310788630419,-6.601766134446507,5.448183428555467,-1.3675402544357524,-16.690617177512678,-4.64066761451069
-2.093048251047165,-17.416125174124076,-5.366175611122117,3.146888518622845,-12.176188404454066,-0.12623884145210695
39.912474944036646,24.58939802095972,36.639347583961694,25.77686057167866,10.453783648601743,22.503733211603702
4.572733945864968,-10.750342977211957,1.2996065857900305,9.808262687874006,-5.5148142352029055,6.535135327799054
-7.962725590074996,-23.28580251315192,-11.235852950149948,5.9147728265784565,-9.408304096498455,2.6416454665035047
-38.763703350303366,-54.086780273380285,-42.03683071037832,-34.21480936346721,-49.53788628654412,-37.48793672354216
5.20054248642699,-10.122534436649929,1.927415126352031,-9.07727434649017,-24.400351269567082,-12.350401706565123
65.73864282180003,50.4155658987231,62.465515461725076,49.98146563176243,34.65838870868549,46.70833827168747
-2.1565745017712032,-17.479651424848115,-5.429701861846155,-10.772427602849419,-26.09550452592633,-14.04555496292437
24.42922827187533,9.106151348798406,21.156100911800394,28.5823851369788,13.259308213901875,25.30925777690385
-9.101930960904824,-24.42500788398175,-12.375058320979775,-9.644059420616344,-24.96713634369327,-12.917186780691296
6.289354574189687,-9.033722348887238,3.0162272141147355,-11.714936646939876,-27.0380135700168,-14.988064007014813
30.352355227422798,15.02927830434588,27.07922786734784,14.484721426262354,-0.8383554968145575,11.211594066187402
41.559287381299185,26.236210458222246,38.286160021224234,55.60882919503348,40.28575227195654,52.33570183495851
-46.49495210100587,-61.818029024082804,-49.76807946108084,-32.38929607598352,-47.712372999060435,-35.662423436058475
7.061255381255762,-8.261821541821163,3.7881280211808104,7.907003313461573,-7.416073609615339,4.633875953386621
3.5100644171441786,-11.813012505932733,0.23693705706922685,1.1827347565129145,-14.140342166564011,-2.0903926035620373
38.64764708717813,23.324570164101203,35.37451972710316,23.890384551735266,8.567307628658355,20.617257191660315
-22.39982065456276,-37.72289757763967,-25.67294801463771,-23.45695220689717,-38.78002912997408,-26.730079566972123
6.571544814905394,-8.751532108171531,3.2984174548304424,4.720002474496397,-10.603074448580529,1.4468751144214451
-33.00436949912608,-48.32744642220301,-36.277496859201044,-37.536048652655715,-52.859125575732634,-40.80917601273066
-8.56752604168662,-23.890602964763545,-11.840653401761557,-2.65023871096453,-17.973315634041455,-5.9233660710394815
39.35462470019005,24.031547777113133,36.08149734011511,20.316649560144896,4.99357263706797,17.043522200069944
13.49067127790724,-1.8324056451696862,10.217543917832273,-0.4147512359080423,-15.737828158984968,-3.68787859598298
-23.918176211516936,-39.24125313459386,-27.191303571591888,-9.89654222168123,-25.21961914475814,-13.169669581756182
-23.44878602166552,-38.77186294474245,-26.721913381740485,-15.354830588220153,-30.677907511297065,-18.627957948295105
14.316855920615893,-1.006221002461018,11.043728560540941,36.11768423647118,20.794607313394238,32.84455687639624
34.41559601527912,19.092519092202195,31.142468655204155,38.65495293377198,23.331876010695055,35.38182557369704
-1.6942442789097925,-17.017321201986718,-4.96737163898473,-8.975574758732037,-24.298651681808963,-12.248702118807003
16.063624875960016,0.7405479528831052,12.790497515885065,10.150858634029873,-5.172218289047038,6.877731273954922
39.05681175617795,23.733734833101025,35.783684396102984,23.59417498581672,8.271098062739796,20.32104762574177
-5.873090324789985,-21.19616724786691,-9.146217684864936,-1.1808029814901744,-16.5038799045671,-4.45393034156514
54.10544303589835,38.782366112821435,50.832315675823395,38.78094813932042,23.457871216243504,35.50782077924548
-10.015358236842474,-25.3384351599194,-13.288485596917425,-4.409743370388853,-19.732820293465778,-7.682870730463804
7.245418292070511,-8.0776586310064,3.972290931995559,-11.284785286621755,-26.607862209698666,-14.557912646696707
-21.732041909168103,-37.05511883224503,-25.005169269243055,-16.296078547877897,-31.61915547095481,-19.56920590795285
14.323118493416786,-0.9999584296601398,11.049991133341848,7.481089236584694,-7.8419876864922315,4.207961876509756
-1.8704924923947743,-17.1935694154717,-5.143619852469726,-11.357915418218766,-26.680992341295692,-14.631042778293718
-6.66256520408588,-21.985642127162805,-9.935692564160831,10.66199604090589,-4.661080882171035,7.388868680830953
19.037046824210293,3.7139699011333676,15.763919464135341,2.2125678139527167,-13.110509109124195,-1.060559546122235
19.768108155204786,4.445031232127874,16.494980795129834,3.853985004880599,-11.469091918196327,0.580857644805647
30.882836830648706,15.559759907571788,27.609709470573755,33.567550698639764,18.244473775562838,30.294423338564826
0.6564104272616547,-14.666666495815264,-2.61671693281329,-1.5635188904665824,-16.886595813543494,-4.836646250541534
56.83398859135998,41.51091166828306,53.56086123128503,41.6039005313654,26.280823608288472,38.330773171290446
33.28527711242188,17.96220018934497,30.01214975234693,25.0545752557681,9.731498332691174,21.781447895693162
-22.056209172311853,-37.37928609538878,-25.329336532386804,-8.694638274398017,-24.017715197474942,-11.967765634472968
-11.074796345076166,-26.39787326815309,-14.347923705151118,-2.465812899229576,-17.7888898223065,-5.738940259304528
-3.265423531970839,-18.588500455047765,-6.538550892045791,0.0274293687993179,-15.295647554277593,-3.245697991275634
0.09212224300259209,-15.230954680074333,-3.1810051170723597,10.034397674957631,-5.288679248119294,6.76127031488268
31.856937343933822,16.53386042085691,28.58380998385887,29.891913429790208,14.568836506713282,26.61878606971524
-6.833617475899217,-22.156694398976143,-10.106744835974155,-8.135097757299654,-23.458174680376572,-11.408225117374599
10.614266388411409,-4.708810534665517,7.341139028336471,-0.947466039630271,-16.270542962707182,-4.220593399705223
35.234093911068854,19.911016987991943,31.960966550993902,15.84299896140324,0.5199220383263281,12.569871601328288
-2.859875014744148,-18.182951937821073,-6.1330023748191,-23.58219632717187,-38.9052732502488,-26.85532368724681
12.695690180766945,-2.62738674230998,9.422562820691994,-0.14067707651042838,-15.46375399958734,-3.41380443658538
14.407641588999425,-0.9154353340774861,11.134514228924473,-12.280446464299025,-27.603523387375958,-15.553573824373977
-11.843542748633453,-27.16661967171038,-15.116670108708405,-22.55907074199333,-37.88214766507025,-25.832198102068276
0.9595300074927167,-14.363546915584209,-2.313597352582235,8.774663603527955,-6.548413319548956,5.501536243453003
63.55432399295093,48.231247069874,60.281196632875975,39.85525746907092,24.532180545993995,36.58213010899597
-1.5901599502804515,-16.913236873357363,-4.863287310355403,0.39906891372233133,-14.92400800935458,-2.8740584463526204
-32.369813942913794,-47.69289086599072,-35.642941302988746,-29.185274812155967,-44.50835173523289,-32.458402172230905
24.957754570247232,9.634677647170307,21.68462721017228,29.44972027458688,14.126643351509955,26.17659291451193
9.481529344556385,-5.841547578520533,6.208401984481441,5.105744019747341,-10.217332903329577,1.8326166596723965
-6.291102238059807,-21.614179161136732,-9.564229598134759,-3.6662869246105174,-18.989363847687443,-6.939414284685469
43.33704414038037,28.013967217303446,40.06391678030539,33.02524192740411,17.702165004327185,29.752114567329173
48.29693223156799,32.97385530849108,45.02380487149305,26.8812321520111,11.558155228934176,23.608104791936142
13.877554988264066,-1.4455219348128594,10.604427628189114,6.6390439701638115,-8.684032952913114,3.36591661008886
32.57548465460091,17.252407731523988,29.302357294525947,37.24418134981761,21.921104426740698,33.97105398974266
-4.47828044888162,-19.801357371958545,-7.751407808956557,-10.509637406036632,-25.832714329113557,-13.782764766111569
-9.538282963588244,-24.86135988666517,-12.811410323663196,-4.802476524289773,-20.1255534473667,-8.075603884364725
-18.9284218744736,-34.251498797550525,-22.20154923454855,0.6716725121199119,-14.651404410957,-2.60145484795504
3.145675761955303,-12.177401161121608,-0.12745159811964868,3.424543165584538,-11.898533757492373,0.15141580550958622
39.86101810737824,24.537941184301317,36.58789074730329,33.23786129495235,17.914784371875427,29.964733934877387
-9.907140406661142,-25.230217329738068,-13.180267766736094,-0.09245463329139625,-15.415531556368322,-3.365581993366362
10.64598236528974,-4.677094557787186,7.372855005214788,13.71304972375411,-1.6100271993228148,10.439922363679145
34.345562236402834,19.022485313325916,31.072434876327875,16.421190653786255,1.0981137307093434,13.148063293711303
4.481942571544266,-10.84113435153266,1.2088152114693003,-4.220251365392635,-19.543328288469553,-7.493378725467586
37.08439566623372,21.761318743156792,33.811268306158766,17.172041328275867,1.8489644051989558,13.898913968200915
27.406165374240032,12.083088451163121,24.13303801416508,13.95390073229433,-1.3691761907825963,10.680773372219392
23.95690463463731,8.633827711560386,20.683777274562345,23.965221975870875,8.642145052793964,20.692094615795924
25.109024627838025,9.7859477047611,21.83589726776306,9.511453272847533,-5.811623650229393,6.238325912772581
-20.812748789927397,-36.13582571300431,-24.08587615000235,-3.1116290081234297,-18.434705931200355,-6.384756368198396
40.61819948103616,25.295122557959246,37.345072120961206,64.46800638642969,49.14492946335277,61.19487902635474
27.634490051886615,12.31141312880969,24.361362691811664,22.06473392451727,6.741657001440345,18.79160656444232
-22.066242074244087,-37.38931899732101,-25.339369434319053,-5.678096140762527,-21.00117306383946,-8.951223500837479
13.55414625336239,-1.7689306697145213,10.281018893287438,7.618643978897239,-7.704432944179672,4.345516618822288
-10.738358442048188,-26.061435365125107,-14.01148580212314,-15.19974726596785,-30.522824189044783,-18.472874626042803
52.66639147174476,37.343314548667834,49.39326411166981,22.030618910666092,6.707541987589167,18.757491550591155
-17.38695894506678,-32.71003586814369,-20.660086305141732,-6.021660304757461,-21.344737227834372,-9.294787664832413
25.163996728135636,9.840919805058718,21.89086936806069,8.500635304782762,-6.82244161829415,5.22750794470781
46.0196871521191,30.69661022904218,42.746559792044145,32.4953951929249,17.17231826984799,29.22226783284995
26.45167203009933,11.128595107022406,23.178544670024394,11.698985213538592,-3.624091709538334,8.42585785346364
3.5982689803830823,-11.724807942693829,0.32514162030813054,12.910809933844902,-2.412266989232023,9.63768257376995
-28.26908909922605,-43.592166022302976,-31.542216459301002,-26.981117407070215,-42.304194330147126,-30.254244767145167
68.31302625700292,52.98994933392599,65.03989889692798,62.63902900866155,47.31595208558464,59.3659016485866
25.62820401254517,10.305127089468243,22.355076652470217,30.358867014314015,15.03579009123709,27.085739654239063
1.2688677835378783,-14.05420913953904,-2.0042595765370734,14.408802820100561,-0.9142741029763641,11.13567546002561
52.821609257148836,37.49853233407191,49.548481897073884,39.08820597009735,23.765129047020423,35.8150786100224
26.496815708105288,11.173738785028362,23.22368834803035,4.924026286783189,-10.399050636293737,1.650898926708237
25.555001933420726,10.231925010343815,22.281874573345775,15.592137695942142,0.269060772865231,12.319010335867205
8.632752753901642,-6.690324169175284,5.35962539382669,-2.103214962318546,-17.426291885395457,-5.376342322393498
13.638438369511661,-1.6846385535652502,10.36531100943671,34.60585206931293,19.28277514623602,31.33272470923798
-0.8003659265963563,-16.123442849673268,-4.073493286671308,6.410401432354348,-8.912675490722577,3.1372740722794106
12.193571944829216,-3.1295049782477093,8.920444584754264,9.295360697142144,-6.027716225934782,6.022233337067192
2.587115362453602,-12.73596156062331,-0.6860119976213497,11.58108443295751,-3.741992490119415,8.307957072882559
16.4177985681945,1.0947216451175734,13.144671208119561,8.800703493231964,-6.522373429844961,5.527576133157012
-21.759354034446602,-37.08243095752353,-25.032481394521554,-1.8805612055921586,-17.20363812866907,-5.15368856566711
-15.206743655159713,-30.529820578236638,-18.479871015234664,-0.9716290547351463,-16.294705977812058,-4.244756414810098
-15.159184240576934,-30.48226116365386,-18.432311600651886,-19.022921612665513,-34.345998535742424,-22.296048972740465
69.39673001222698,54.07365308915007,66.12360265215203,70.8586833915995,55.53560646852256,67.58555603152452
-2.4233797808041118,-17.746456703881037,-5.6965071408790635,-19.896802478721852,-35.219879401798764,-23.169929838796804
15.946189599330282,0.6231126762533563,12.67306223925533,9.669546962464295,-5.653529960612616,6.396419602389344
6.167219667480083,-9.155857255596828,2.8940923074051312,0.3450433074016672,-14.978033615675244,-2.9280840526732845
-0.77270167802223,-16.09577860109914,-4.045829038097182,8.648822675614326,-6.674254247462599,5.3756953155393745
-8.401279530453465,-23.724356453530376,-11.674406890528417,-9.029910942339825,-24.35298786541675,-12.303038302414791
-20.13348953018418,-35.456566453261104,-23.40661689025913,-8.849391783383496,-24.172468706460407,-12.122519143458447
4.694834505720991,-10.628242417355935,1.4217071456460388,16.248520141932175,0.9254432188552499,12.97539278185721
-2.3881486221194734,-17.7112255451964,-5.661275982194425,-11.755165261146402,-27.078242184223313,-15.028292621221354
-13.9917554775773,-29.31483240065421,-17.26488283765225,-7.851524496883314,-23.17460141996024,-11.124651856958266
-12.488475738728496,-27.811552661805422,-15.761603098803448,-9.30089731925338,-24.62397424233029,-12.574024679328332
-1.4819237501686615,-16.805000673245573,-4.755051110243613,4.441027719185399,-10.882049203891526,1.1679003591104475
25.782901423992286,10.45982450091536,22.509774063917334,29.674661380455944,14.351584457379019,26.401534020380993
0.1489621635718379,-15.174114759505088,-3.124165196503114,-11.24567740694225,-26.568754330019175,-14.518804767017201
12.47804187235235,-2.8450350507245616,9.204914512277398,27.90487838167563,12.581801458598719,24.631751021600678
2.9949563662169396,-12.328120556859986,-0.27817099385801214,2.809628191752921,-12.51344873132399,-0.46349916832203064
43.41874521337583,28.095668290298917,40.14561785330088,39.157046159684676,23.833969236607757,35.88391879960972
33.61789792330663,18.294821000229717,30.344770563231677,34.805257923910304,19.48218100083338,31.532130563835352
34.90604524254733,19.58296831947041,31.63291788247237,22.27546630968743,6.95238938661052,19.00233894961248
-7.809818881694966,-23.132895804771877,-11.082946241769918,4.447903825696855,-10.875173097380056,1.1747764656219033
19.25450390222028,3.9314269791433674,15.981376542145327,26.4669244192699,11.14384749619299,23.19379705919495
-1.7931580828274178,-17.11623500590433,-5.06628544290237,13.453854247812103,-1.8692226752648224,10.180726887737151
-14.946009096027055,-30.269086019103966,-18.219136456102007,-10.634841141677526,-25.957918064754452,-13.907968501752478
-4.751987326259012,-20.075064249335924,-8.025114686333964,-7.633410926609869,-22.956487849686795,-10.906538286684821
9.134891399467435,-6.188185523609491,5.861764039392483,30.34195185559806,15.018874932521143,27.068824495523117
19.294219948633156,3.9711430255562448,16.021092588558204,12.163485996098672,-3.159590926978254,8.89035863602372
-7.424531393672929,-22.747608316749847,-10.697658753747874,-4.986656782103793,-20.309733705180705,-8.259784142178745
-17.519119608240842,-32.842196531317754,-20.792246968315794,-9.839068790817606,-25.16214571389453,-13.112196150892544
43.75413302806113,28.431056104984222,40.48100566798618,47.09603422076839,31.77295729769145,43.82290686069342
16.216254099638192,0.8931771765612808,12.94312673956324,25.96165227748213,10.638575354405205,22.68852491740718
41.17695090779422,25.853873984717296,37.90382354771927,41.38186878399847,26.058791860921545,38.108741423923504
32.86041380954734,17.537336886470413,29.587286449472387,42.74718928896465,27.42411236588771,39.4740619288897
28.921063645252183,13.597986722175264,25.647936285177224,41.4282469159197,26.105169992842775,38.15511955584475
32.605443843104126,17.2823669200272,29.33231648302919,41.99651817459926,26.673441251522334,38.72339081452431
3.1403106568573236,-12.182766266219602,-0.13281670321761396,-6.768302232460158,-22.091379155537084,-10.04142959253511
-22.315559373592066,-37.63863629666899,-25.588686733667004,-18.217968141644732,-33.541045064721644,-21.491095501719684
-32.05914697680966,-47.38222389988657,-35.33227433688461,-35.05792046668458,-50.38099738976149,-38.33104782675953
24.898432580543627,9.575355657466702,21.625305220468675,10.814454534453105,-4.50862238862382,7.541327174378139
13.577559731099214,-1.7455171919777115,10.304432371024248,14.975825354452041,-0.34725156862488404,11.702697994377104
18.521309922636505,3.1982329995595933,15.248182562561553,9.773158951409414,-5.549917971667497,6.500031591334462
12.196666949180738,-3.1264099738961733,8.923539589105786,11.048527521108184,-4.274549401968727,7.775400161033232
14.329834013239278,-0.9932429098376332,11.056706653164326,12.77149290191015,-2.551584021166775,9.498365541835199
6.987446806530272,-8.335630116546639,3.7143194464553204,12.047093793657126,-3.2759831294198136,8.773966433582174
3.0774449671623074,-12.245631955914618,-0.19568239291263012,19.6096426184467,4.286565695369774,16.336515258371747
41.985780203072565,26.66270327999564,38.7126528429976,15.714232897670172,0.39115597459324647,12.441105537595234
-10.18602808555002,-25.509105008626932,-13.459155445624972,-3.324680807667548,-18.64775773074446,-6.5978081677425
-2.956920484201447,-18.279997407278373,-6.230047844276399,-10.601897269876503,-25.924974192953428,-13.875024629951454
14.404662040620053,-0.9184148824568723,11.131534680545101,-4.390126400797513,-19.713203323874424,-7.663253760872465
17.06531351184465,1.7422365887677245,13.792186151769698,0.8468781427662009,-14.476198780310725,-2.426249217308751
35.785599593310266,20.46252267023334,32.51247223323533,10.833563892705115,-4.4895130303718105,7.560436532630163
8.311308175153357,-7.011768747923568,5.038180815078391,11.977481370909288,-3.345595552167623,8.704354010834336
16.133478255564256,0.8104013324873307,12.860350895489304,4.985108561788493,-10.337968361288418,1.7119812017135416
40.83565772178804,25.512580798711113,37.56253036171309,63.91127602509564,48.58819910201872,60.63814866502068
24.998925882298757,9.675848959221838,21.725798522223805,19.76099750325139,4.437920580174463,16.487870143176437
42.950168238067974,27.62709131499105,39.67704087799302,60.626978977229086,45.30390205415216,57.353851617154135
-0.16555010697365447,-15.48862703005058,-3.438677467048592,-6.332446474426419,-21.655523397503345,-9.60557383450137
20.00719481847983,4.684117895402906,16.734067458404894,10.928044003662947,-4.395032919413964,7.654916643587995
-25.772672322671532,-41.095749245748465,-29.045799682746477,-12.285784892212178,-27.608861815289103,-15.558912252287143
-9.384757120706674,-24.707834043783606,-12.657884480781625,-10.758059475134587,-26.081136398211513,-14.031186835209525
-11.178587868538784,-26.50166479161571,-14.451715228613736,-11.776439979784726,-27.09951690286165,-15.049567339859678
1.0986094395338455,-14.22446748354308,-2.1745179205411063,16.914869191368112,1.5917922682911865,13.641741831293174
28.171748493161232,12.848671570084306,24.89862113308628,10.233091925498485,-5.089984997578441,6.959964565423547
22.963552150774163,7.640475227697252,19.69042479069921,13.855926813357698,-1.4671501097192277,10.582799453282746
30.073316955349682,14.750240032272757,26.800189595274745,31.228643997659617,15.905567074582692,27.95551663758465
-5.489192669323522,-20.81226959240044,-8.762320029398467,0.5126986217117349,-14.81037830136519,-2.760428738363217
7.965338785148532,-7.357738137928379,4.69221142507358,18.46963049446032,3.146553571383393,15.196503134385367
4.2581415266729294,-11.064935396403996,0.9850141665979777,21.921659753109708,6.598582830032797,18.648532393034756
1.4356660124795084,-13.88741091059741,-1.8374613475954504,6.121815317651695,-9.20126160542523,2.848687957576729
31.813349251329726,16.4902723282528,28.54022189125476,15.204207817309495,-0.11886910576741627,11.931080457234543
8.726766102928437,-6.596310820148474,5.453638742853485,1.1727697024441994,-14.150307220632726,-2.1003576576307523
17.627114469306363,2.304037546229438,14.353987109231426,25.46457983452592,10.141502911448995,22.19145247445097
-33.08129067611803,-48.404367599194956,-36.35441803619298,-4.08006078929003,-19.403137712366956,-7.353188149364982
16.728948821097404,1.405871898020493,13.455821461022452,27.456821584911694,12.133744661834783,24.183694224836742
10.566014008077971,-4.757062914998954,7.2928866480030194,-14.713070737399107,-30.036147660476033,-17.98619809747406
37.64680240447312,22.32372548139621,34.37367504439817,31.54665089629178,16.22357397321487,28.27352353621683
-14.582824280604754,-29.90590120368168,-17.85595164067969,-5.253815580019307,-20.576892503096232,-8.526942940094273
32.61806993315726,17.294993010080347,29.344942573082307,40.23258498025062,24.909508057173696,36.95945762017567
2.3177066979028638,-13.005370225174062,-0.9554206621720738,11.106235175286841,-4.216841747790085,7.833107815211875
-18.560318395678593,-33.883395318755504,-21.833445755753544,-5.077688188909278,-20.40076511198619,-8.35081554898423
33.049353425538754,17.72627650246183,29.776226065463803,17.372641798518387,2.049564875441476,14.099514438443435
3.09330014864598,-12.229776774430931,-0.17982721142897162,-8.730828585021648,-24.05390550809858,-12.003955945096592
44.89032221777268,29.567245294695738,41.6171948576977,59.09095215910381,43.76787523602687,55.81782479902884
-13.35473593015925,-28.677812853236162,-16.627863290234203,-24.896462987943366,-40.21953991102029,-28.169590348018318
2.317128131274231,-13.00594879180268,-0.9559992288007209,-5.18966792502755,-20.512744848104475,-8.462795285102501
2.558230016104531,-12.76484690697238,-0.7148973439704207,-1.2070796145091123,-16.530156537586038,-4.480206974584064
1.5037597941743996,-13.819317128902512,-1.769367565900552,8.189921981430665,-7.133154941646254,4.91679462135572
33.3668580239231,18.043781100846175,30.09373066384815,13.367562307423398,-1.9555146156535272,10.094434947348432
54.37706177879437,39.05398485571746,51.10393441871942,28.08155420746536,12.758477284388434,24.808426847390393
37.3391252923884,22.016048369311477,34.06599793231345,18.14288913274926,2.8198122096723495,14.869761772674309
19.44366747591573,4.12059055283882,16.17054011584078,0.9745115797393709,-14.348565343337555,-2.2986157803355667
41.4234084172423,26.10033149416539,38.15028105716735,20.778165115496236,5.455088192419325,17.505037755421284
19.869465870256604,4.546388947179679,16.596338510181653,17.191678821787818,1.8686018987108923,13.918551461712866
-33.33839797573728,-48.66147489881419,-36.61152533581223,-22.59772644341436,-37.92080336649127,-25.87085380348931
25.23479900973676,9.911722086659836,21.961671649661824,20.990476645700227,5.6673997226233155,17.717349285625275
-4.925625710306733,-20.248702633383658,-8.198753070381684,10.098575360565789,-5.224501562511122,6.825448000490837
-8.323814498195361,-23.646891421272272,-11.596941858270313,-5.802486564049914,-21.125563487126826,-9.075613924124866
-2.0020265833395,-17.325103506416426,-5.275153943414466,-2.9164073126028427,-18.239484235679768,-6.1895346726777944
-2.648945233222065,-17.972022156298976,-5.922072593297017,-6.752974825756027,-22.076051748832953,-10.026102185830979
-5.511980916760862,-20.835057839837773,-8.785108276835814,17.185150840417393,1.8620739173404814,13.912023480342441
22.45141974053294,7.12834281745603,19.17829238045799,10.217386231371336,-5.10569069170559,6.94425887129637
-21.35704126091389,-36.680118183990814,-24.63016862098884,-4.142513211474821,-19.465590134551746,-7.415640571549773
-12.814769914400586,-28.13784683747751,-16.087897274475523,-13.272860102772071,-28.595937025848997,-16.54598746284701
39.452140371513735,24.12906344843681,36.179013011438784,37.66437233309209,22.341295410015164,34.391244973017166
-13.758572374285833,-29.08164929736276,-17.031699734360785,13.966108709378076,-1.3569682136988348,10.692981349303125
34.39710898637851,19.074032063301587,31.12398162630356,24.85468883202364,9.531611908946715,21.58156147194869
-24.041383681668023,-39.364460604744934,-27.314511041742975,-20.9717266683777,-36.294803591454624,-24.244854028452664
-15.056279493182139,-30.37935641625907,-18.329406853257098,-4.175523427934436,-19.498600351011348,-7.448650788009388
-29.77918129158192,-45.102258214658846,-33.05230865165687,-17.53643413603551,-32.859511059112435,-20.80956149611046
20.838113034228613,5.515036111151687,17.564985674153647,9.993238385446247,-5.329838537630664,6.7201110253712955
22.62042289144466,7.297345968367736,19.34729553136971,7.930351832941831,-7.392725090135087,4.657224472866872
-22.963882003071603,-38.28695892614853,-26.237009363146555,-20.935970564656458,-36.25904748773338,-24.20909792473141
6.297278763187521,-9.02579815988939,3.024151403112569,0.987544973485754,-14.335531949591171,-2.2855823865891978
42.493015186820145,27.16993826374322,39.21988782674518,29.740813574690364,14.417736651613453,26.467686214615412
-11.737602041402823,-27.060678964479735,-15.010729401477775,-18.278277581575168,-33.60135450465209,-21.55140494165012
-25.577951779715704,-40.901028702792615,-28.851079139790656,-16.30251823474208,-31.625595157819006,-19.575645594817033
31.690490902843194,16.36741397976627,28.417363542768257,31.17602771267444,15.852950789597514,27.902900352599488
47.63979776825437,32.31672084517743,44.36667040817942,70.60963878963877,55.28656186656184,67.33651142956384
-10.868440637960845,-26.19151756103777,-14.141567998035796,-12.306874797047726,-27.62995172012465,-15.580002157122692
-0.14269113154254143,-15.465768054619474,-3.415818491617493,-5.6900492781470575,-21.013126201223983,-8.96317663822201
8.738099322728957,-6.584977600347955,5.464971962654005,2.754657282143725,-12.5684196409332,-0.5184700779312266
8.104400554261346,-7.218676368815565,4.8312731941863944,19.784641423452292,4.461564500375374,16.511514063377348
14.26241959878692,-1.0606573242900055,10.989292238711982,14.397928051573132,-0.9251488715037937,11.12480069149818
-14.830284119126901,-30.153361042203827,-18.103411479201853,-19.31499494076293,-34.63807186383984,-22.58812230083788
-23.13298790583663,-38.456064828913554,-26.40611526591158,-8.022148319710183,-23.34522524278711,-11.295275679785135
-3.855045646969799,-19.17812257004671,-7.128173007044751,9.119620250391051,-6.20345667268586,5.8464928903160995
18.77989554744903,3.4568186243721044,15.506768187374078,18.805644529372856,3.4825676062959303,15.532517169297918
35.285318945294065,19.962242022217154,32.012191585219114,16.23173513261581,0.9086582095388849,12.958607772540844
11.931382946100129,-3.391693976976782,8.658255586025177,2.968909354944813,-12.354167568132112,-0.30421800513013864
4.2787141739147785,-11.044362749162147,1.0055868138398267,9.696082338292342,-5.626994584784583,6.4229549782173905
39.010627353894456,23.687550430817538,35.737499993819505,24.64396140205824,9.320884478981313,21.370834041983287
53.31535837494634,37.99228145186943,50.04223101487139,34.91522213436875,19.59214521129182,31.642094774293795
22.193519398036656,6.870442474959731,18.920392037961705,14.69056663886208,-0.6325102842148311,11.417439278787128
-28.58348013783265,-43.90655706090956,-31.856607497907603,-11.1300615109717,-26.453138434048626,-14.403188871046652
-32.00933886145977,-47.33241578453668,-35.28246622153472,-12.045871419882033,-27.36894834295896,-15.318998779956985
-6.434473372517118,-21.757550295594044,-9.707600732592084,10.753532170334111,-4.5695447527428,7.480404810259159
35.31834453413209,19.99526761105517,32.04521717405714,20.65219383926761,5.329116916190685,17.379066479192645
6.915795611917304,-8.407281311159622,3.642668251842366,9.679071360885473,-5.644005562191452,6.405944000810521
12.59327676439382,-2.7298001586830907,9.320149404318869,10.567855595608478,-4.755221327468448,7.294728235533512
11.045937158400633,-4.277139764676292,7.772809798325682,9.057536834828113,-6.265540088248812,5.784409474753161
-8.912995586904842,-24.236072509981753,-12.186122946979793,1.7644240178347985,-13.558652905242127,-1.508703342240139
23.598108532465474,8.275031609388549,20.324981172390522,-3.823103768351274,-19.1461806914282,-7.096231128426226
27.70169539567958,12.378618472602653,24.428568035604613,19.153142293242453,3.830065370165528,15.880014933167502
25.50127476520072,10.178197842123794,22.22814740512578,17.936653445839553,2.613576522762628,14.663526085764602
21.639979416750137,6.316902493673211,18.3668520566752,12.1285864756302,-3.194490447446711,8.855459115555249
21.80127063731254,6.478193714235616,18.52814327723759,16.796234726756325,1.4731578036794133,13.523107366681373
-7.49611093630476,-22.819187859381685,-10.769238296379712,12.005221867005687,-3.317855056071238,8.732094506930721
-18.357974142076202,-33.68105106515313,-21.631101502151154,-29.717430959696543,-45.040507882773454,-32.990558319771495
1.4608774682734378,-13.862199454803488,-1.812249891801514,5.043664739079631,-10.279412183997295,1.7705373790046792
-24.954354128547564,-40.277431051624475,-28.227481488622516,-33.18709344552168,-48.51017036859861,-36.460220805596634
-9.813058697693798,-25.13613562077073,-13.086186057768735,-6.475581579060972,-21.798658502137897,-9.74870893913591
35.43184759549818,20.108770672421272,32.15872023542323,21.40976136389459,6.0866844408176775,18.136634003819637
10.844364261250561,-4.478712661826364,7.571236901175624,16.480385731813115,1.1573088087361896,13.207258371738149
-6.762190732476284,-22.08526765555321,-10.035318092551236,-10.142884595695136,-25.465961518772048,-13.416011955770088
-8.760707469020886,-24.08378439209781,-12.033834829095838,-3.640807828348798,-18.96388475142571,-6.91393518842375
11.492948720399824,-3.830128202677102,8.219821360324872,16.974475605296604,1.6513986822196927,13.701348245221652
6.697822873369972,-8.625254049706939,3.4246955132950205,-3.76798610843629,-19.0910630315132,-7.0411134685112415
-1.5426444389435972,-16.865721362020523,-4.815771799018535,5.034242581295381,-10.288834341781538,1.7611152212204217
10.195290239784597,-5.127786683292314,6.922162879709646,1.379421572710541,-13.94365535036637,-1.8937057873644108
41.438333279360975,26.115256356284064,38.165205919286024,23.180274463869978,7.857197540793052,19.907147103795026
-20.59716267585398,-35.920239598930905,-23.87029003592893,-23.03640191179899,-38.3594788348759,-26.30952927187394
-5.598385849613038,-20.921462772689964,-8.87151320968799,-4.369331059175892,-19.692407982252803,-7.642458419250843
-2.2850283581719992,-17.60810528124891,-5.558155718246951,5.482888882464934,-9.840188040611977,2.2097615223899822
33.89523912456464,18.57216220148773,30.622111764489688,32.37583368420297,17.052756761126048,29.10270632412802
7.223860092354499,-8.099216830722412,3.9507327322795476,2.27379964786482,-13.049277275212106,-0.9993277122101318
18.931440479836624,3.6083635567596986,15.658313119761672,3.6058338763604496,-11.717243046716476,0.33270651628549786
-2.758976683905246,-18.08205360698217,-6.032104043980212,-1.764617637587051,-17.087694560663962,-5.037744997662003
30.800105645318,15.477028722241087,27.526978285243047,16.6502358804198,1.3271589573428741,13.377108520344834
9.735631147533624,-5.587445775543301,6.462503787458658,11.528845983677968,-3.7942309393989575,8.255718623603016
2.0787560481783913,-13.24432087489852,-1.1943713118965604,-3.1300925528513517,-18.453169475928263,-6.403219912926303
11.175415713391274,-4.147661209685637,7.902288353316322,3.856389649763784,-11.466687273313127,0.5832622896888324
10.036813483252587,-5.286263439824339,6.763686123177635,1.499552125048993,-13.823524798027918,-1.7735752350259588
2.2739853715513902,-13.049091551525521,-0.9991419885235615,-2.6843247529487826,-18.007401676025708,-5.957452113023734
0.3631479332983787,-14.959928989778533,-2.909979426776573,2.124829958308027,-13.198246964768884,-1.148297401766925
-7.043613155460925,-22.366690078537857,-10.316740515535855,-2.996589858361361,-18.319666781438272,-6.269717218436313
10.177106208562975,-5.14597071451395,6.903978848488023,-4.766795335434409,-20.089872258511335,-8.039922695509361
47.734645915882176,32.41156899280526,44.46151855580723,25.467628826806504,10.144551903729578,22.194501466731566
-20.39838150793385,-35.721458431010774,-23.6715088680088,2.6660688744878485,-12.657008048589077,-0.6070584855871033
-32.889355316043975,-48.2124322391209,-36.16248267611894,-22.335068445671624,-37.658145368748535,-25.608195805746576
20.447440841385372,5.124363918308447,17.17431348131042,22.27336719736641,6.950290274289486,19.00023983729146
7.473826384012824,-7.849250539064101,4.2006990239378865,-1.0968680107758928,-16.41994493385282,-4.3699953708508446
42.244391874216745,26.921314951139806,38.971264514141794,46.77555137362678,31.452474450549857,43.502424013551845
14.144189076480146,-1.1788878465967798,10.871061716405194,13.466474582354323,-1.8566023407226027,10.193347222279371
39.47402952252307,24.150952599446157,36.200902162448116,42.28343455237744,26.960357629300532,39.01030719230249
-11.148660130313388,-26.4717370533903,-14.42178749038834,-10.410664886944275,-25.733741810021186,-13.683792247019227
-13.23643260834109,-28.559509531418016,-16.509559968416035,2.955568972349198,-12.367507950727727,-0.31755838772575373
-6.052593996815361,-21.375670919892286,-9.325721356890298,-13.094891024011787,-28.417967947088712,-16.368018384086753
-4.653976608905637,-19.977053531982563,-7.927103968980589,-22.350099227969807,-37.67317615104673,-25.62322658804476
31.32213176603952,15.999054842962593,28.049004405964567,17.846532442500276,2.523455519423351,14.573405082425325
19.923265253096872,4.600188330019961,16.65013789302192,29.220285421131962,13.89720849805505,25.94715806105701
36.44702341863105,21.123946495554137,33.173896058556096,12.640173682039247,-2.6829032410376783,9.367046321964295
12.361459721427693,-2.9616172016492186,9.088332361352741,4.975253138542016,-10.34782378453491,1.7021257784670496
24.90158619855731,9.578509275480386,21.628458838482345,50.421376693198454,35.09829977012153,47.14824933312349
23.210244071769367,7.8871671486924555,19.937116711694415,26.010897904270294,10.687820981193369,22.737770544195328
11.184160602323516,-4.13891632075341,7.911033242248564,13.767270542993515,-1.5558063800834105,10.494143182918563
1.0917090370947733,-14.231367885982138,-2.1814183229801785,-6.989925690184819,-22.313002613261745,-10.26305305025977
21.90952761285149,6.586450689774566,18.636400252776554,14.121935004197539,-1.2011419188793866,10.848807644122573
18.493442441539145,3.1703655184622193,15.220315081464179,31.80671076753066,16.483633844453735,28.533583407455723
-4.29804577783996,-19.62112270091687,-7.571173137914911,-6.626308405420573,-21.949385328497485,-9.899435765495525
26.520594956516078,11.197518033439152,23.247467596441126,6.653840128783543,-8.669236794293383,3.380712768708591
-13.195101674905587,-28.518178597982498,-16.46822903498054,-9.908941557318826,-25.23201848039575,-13.182068917393778
10.418723307187093,-4.904353615889832,7.145595947112142,12.942165444764584,-2.3809114783123277,9.669038084689632
23.1001740901485,7.777097167071588,19.82704673007356,43.98607077897442,28.662993855897497,40.71294341889947
14.357557457035853,-0.9655194660410586,11.0844300969609,4.304278430014861,-11.018798493062064,1.0311510699399236
45.74116337161266,30.418086448535718,42.468036011537706,18.554551498123175,3.2314745750462492,15.281424138048223
-17.082505658557615,-32.40558258163455,-20.355633018632574,-7.672215830566827,-22.99529275364374,-10.945343190641779
4.0224112196729465,-11.300665703403965,0.7492838595979947,-8.126510564065853,-23.44958748714278,-11.399637924140805
-0.4779893477673198,-15.801066270844245,-3.7511167078422716,-1.7254084374983165,-17.048485360575242,-4.998535797573268
-9.595676800118852,-24.918753723195763,-12.868804160193804,-1.0216023202960685,-16.344679243372994,-4.294729680371006
50.138942731283606,34.81586580820667,46.86581537120864,54.20177282613609,38.87869590305917,50.92864546606111
-12.14797247005643,-27.47104939313334,-15.421099830131382,-3.9564422986146184,-19.279519221691544,-7.229569658689556
24.229699012630334,8.906622089553409,20.95657165255537,4.3110277169434,-11.012049206133526,1.037900356868434
4.716265036356035,-10.606811886720877,1.4431376762810828,6.2981475459923075,-9.024929377084618,3.0250201859173558
29.602031774525884,14.278954851448958,26.328904414450946,22.162215376308097,6.839138453231186,18.889088016233146
-1.8569398837270938,-17.18001680680402,-5.130067243802046,2.6014704905164194,-12.721606432560506,-0.6716568695585323
42.127323492151504,26.804246569074593,38.85419613207655,59.722843083454144,44.399766160377226,56.449715723379185
18.645148743119208,3.3220718200422823,15.372021383044256,41.153198566726175,25.83012164364925,37.88007120665122
44.3294659332078,29.006389010130874,41.05633857313285,30.63111930092272,15.308042377845808,27.357991940847768
-2.453393621469033,-17.776470544545944,-5.726520981543985,-5.050764151189256,-20.373841074266167,-8.323891511264208
21.818852609758594,6.495775686681682,18.545725249683642,18.739028670803165,3.4159517477262398,15.4659013107282
14.058943277787108,-1.264133645289803,10.785815917712156,-2.9840002942550115,-18.307077217331937,-6.257127654329963
-27.751205290191763,-43.074282213268674,-31.024332650266714,-13.024003501379426,-28.347080424456337,-16.297130861454377
35.12390375023532,19.800826827158403,31.85077639016037,28.831553723417898,13.508476800340986,25.558426363342946
10.266784413944322,-5.056292509132589,6.99365705386937,9.254822146361548,-6.068254776715364,5.981694786286596
17.994718314701473,2.671641391624547,14.721590954626507,27.750646680790524,12.427569757713599,24.477519320715587
1.1906184584748445,-14.132458464602081,-2.0825089016001215,-0.9641469315443629,-16.28722385462129,-4.237274291619315
-15.459215318191177,-30.78229224126811,-18.732342678266136,-10.476798983992154,-25.79987590706908,-13.749926344067092
-0.7722081499493072,-16.09528507302622,-4.045335510024259,-19.557256786666684,-34.880333709743596,-22.830384146741636
-7.718084491407751,-23.041161414484677,-10.991211851482703,2.2020037793878515,-13.121073143689074,-1.071123580687086
22.172084648060988,6.849007724984062,18.89895728798605,58.764234634574365,43.441157711497425,55.49110727449944
15.712014129179849,0.3889372061029235,12.438886769104897,24.0815562165701,8.758479293493181,20.808428856495148
11.787686943425314,-3.5353899796516117,8.514559583350362,-7.403771996153679,-22.726848919230605,-10.676899356228631
-19.617548898975926,-34.94062582205285,-22.890676259050863,-6.74931785061581,-22.072394773692736,-10.022445210690762
-4.264949983487952,-19.588026906564878,-7.538077343562904,6.2261426257729084,-9.096934297304017,2.9530152656979567
-20.119510648175307,-35.44258757125222,-23.39263800825026,-13.201289786029086,-28.524366709106005,-16.474417146104038
-7.991229199362209,-23.314306122439135,-11.264356559437175,-10.062054094885312,-25.385131017962223,-13.335181454960264
3.6959673288221495,-11.627109594254762,0.42283996874719776,7.04608431232802,-8.276992610748906,3.772956952253068
28.284024754984088,12.960947831907163,25.010897394909136,33.523038478570086,18.19996155549316,30.249911118495135
16.75065836211921,1.4275814390422994,13.477531002044259,-1.048154547352084,-16.37123147042901,-4.321281907427036
9.835519207168772,-5.487557715908153,6.562391847093821,-4.4914589057277965,-19.814535828804722,-7.764586265802748
14.144465689193183,-1.1786112338837427,10.871338329118231,9.59378550826672,-5.729291414810191,6.320658148191768
-19.33228207721507,-34.655359000291995,-22.605409437290035,-10.243182109309117,-25.566259032386043,-13.516309469384083
-14.099899985728484,-29.42297690880541,-17.373027345803436,-23.92392704981708,-39.24700397289401,-27.197054409892033
0.36026112447005687,-14.962815798606869,-2.912866235604895,1.6284839119698518,-13.69459301110706,-1.6446434481051
45.648246745408485,30.32516982233156,42.375119385333534,32.055957201707,16.732880278630077,28.782829841632065
-10.938069358094538,-26.261146281171463,-14.21119671816949,-4.076750779766854,-19.39982770284378,-7.34987813984182
16.8965221739696,1.5734452508926893,13.623394813894649,13.351610288300094,-1.9714666347768315,10.078482928225156
0.6650130132538834,-14.658063909823028,-2.6081143468210684,-0.36920544995855664,-15.692282373035482,-3.6423328100335084
-16.411784148683992,-31.734861071760918,-19.684911508758958,-5.038242401909983,-20.36131932498691,-8.311369761984935
-0.4089645551191836,-15.732041478196109,-3.6820919151941354,-5.112853136072545,-20.435930059149456,-8.385980496147496
1.7294596291318243,-13.593617293945101,-1.5436677309431133,-1.90170732533322,-17.22478424841013,-5.174834685408172
-10.866001737061282,-26.189078660138193,-14.139129097136234,-8.130394748085067,-23.453471671161992,-11.403522108160018
32.65700231865458,17.333925395577666,29.383874958579625,19.75689591502372,4.433818991946808,16.483768554948767
21.857019755410846,6.533942832333921,18.58389239533591,17.204167843892662,1.881090920815737,13.93104048381771
35.33301015794006,20.00993323486314,32.0598827978651,27.982156242812025,12.659079319735099,24.709028882737073
40.3931864995605,25.070109576483574,37.12005913948555,43.118745144199835,27.795668221122895,39.8456177841249
37.9235343331502,22.60045741007329,34.65040697307525,21.210000977718806,5.886924054641881,17.93687361764387
50.39244702087444,35.0693700977975,47.119319660799476,39.50323504473522,24.180158121658295,36.23010768466028
49.02757403137315,33.70449710829621,45.7544466712982,72.79547964878319,57.472402725706246,69.52235228870825
-50.52444705899766,-65.84752398207459,-53.79757441907261,-64.23972284171884,-79.56279976479577,-67.51285020179378
48.7604719460394,33.43739502296248,45.487344585964465,42.97558416025166,27.652507237174717,39.70245680017672
1.0454042521165832,-14.277672670960328,-2.2277231079583686,9.437499213484074,-5.885577709592837,6.164371853409122
-10.237738959961987,-25.5608158830389,-13.51086632003694,-14.106910122769506,-29.42998704584643,-17.380037482844457
5.699512121472409,-9.623564801604502,2.4263847613974576,20.06867815387578,4.745601230798869,16.795550793800828
12.349941608728955,-2.9731353143479566,9.076814248654003,10.183922451910504,-5.139154471166407,6.910795091835553
-8.191299941198139,-23.514376864275064,-11.464427301273076,-4.226440817331934,-19.54951774040886,-7.499568177406886
14.3359147924685,-0.9871621306084251,11.062787432393563,5.958752972234635,-9.36432395084229,2.685625612159683
-13.035271279135102,-28.358348202212028,-16.308398639210054,-13.054059058655866,-28.377135981732792,-16.327186418730818
-8.856382355091938,-24.179459278168864,-12.12950971516689,-29.060115396401272,-44.3831923194782,-32.333242756476224
10.95205387142147,-4.371023051655456,7.6789265113465035,5.726159247435177,-9.596917675641748,2.4530318873602255
6.913386330083782,-8.40969059299313,3.64025897000883,0.21136666411227623,-15.111710258964635,-3.0617606959626755
3.2986023943346154,-12.024474528742303,0.025475034259663687,0.4427464853328402,-14.880330437744092,-2.8303808747421186
-7.31780200253354,-22.640878925610465,-10.590929362608492,8.234403353711741,-7.088673569365184,4.961275993636775
21.808087859523127,6.485010936446201,18.534960499448175,19.886972791383258,4.563895868306332,16.61384543130832
28.077365704802133,12.754288781725208,24.80423834472718,44.63541853630329,29.31234161322635,41.36229117622837
-3.6768123689161456,-18.99988929199307,-6.949939728991112,0.48475528949499846,-14.838321633581913,-2.7883720705799533
13.299401203782068,-2.023675719294843,10.026273843707116,-4.534363509708314,-19.857440432785225,-7.8074908697832655
36.15843889172602,20.835361968649096,32.88531153165107,54.20248915816541,38.879412235088495,50.929361798090454
17.830749776760435,2.5076728536835162,14.557622416685483,14.702860427440903,-0.620216495636015,11.429733067365952
14.245739969832528,-1.0773369532443837,10.972612609757576,20.42315127003394,5.100074346957015,17.15002390995899
30.18819029183679,14.865113368759864,26.915062931761824,23.14283063467944,7.819753711602516,19.86970327460449
-1.4106778373443092,-16.733754760421235,-4.683805197419261,-8.479344478244954,-23.80242140132188,-11.752471838319892
20.042891348302405,4.719814425225493,16.769763988227453,34.531824872265304,19.208747949188393,31.258697512190352
17.30907833591023,1.9860014128333034,14.035950975835263,15.639740395052115,0.31666347197518974,12.366613034977178
-2.3610987200913343,-17.684175643168246,-5.634226080166286,2.549606880560944,-12.773470042515982,-0.7235204795140078
27.82586739534814,12.50279047227123,24.55274003527319,14.205253530008022,-1.1178233930689032,10.93212616993307
18.284741277560684,2.961664354483773,15.011613917485732,27.857203503053746,12.534126579976828,24.584076142978788
3.9083384430287964,-11.414738480048129,0.6352110829538447,11.315693514966341,-4.007383408110584,8.04256615489139
4.418084662370717,-10.904992260706209,1.144957302295765,5.169913236570693,-10.153163686506232,1.8967858764957413
8.639435165889225,-6.683641757187701,5.366307805814287,10.53984025960662,-4.783236663470305,7.266712899531655
11.455110584775227,-3.8679663383016845,8.181983224700275,13.817056079648282,-1.5060208434286437,10.54392871957333
-10.132431636838774,-25.4555085599157,-13.405558996913726,-3.323998116974707,-18.647075040051632,-6.597125477049659
5.78550464754025,-9.537572275536675,2.5123772874652843,0.4620265130544965,-14.861050410022429,-2.8111008470204695
17.548508162684925,2.2254312396079996,14.275380802609973,14.633112576864377,-0.6899643462125482,11.359985216789426
6.695047688292391,-8.62802923478452,3.421920328217439,1.3103033111686955,-14.01277361190823,-1.962824048906242
8.377271884435388,-6.945805038641524,5.104144524360436,17.788873954383916,2.465797031306991,14.515746594308965
12.130492235582466,-3.1925846874944597,8.857364875507514,1.2360746621399699,-14.087002260936956,-2.037052697934996
22.04256974064107,6.719492817564159,18.76944238056612,19.732428507751976,4.409351584675051,16.45930114767703
-4.843904106366338,-20.166981029443264,-8.11703146644129,-7.228184764614738,-22.551261687691664,-10.50131212468969
3.3054098362594573,-12.017667086817468,0.032282476184505526,1.8118224859055232,-13.511254437171388,-1.4613048741694286
-28.56296839934086,-43.886045322417786,-31.836095759415812,-32.0031383243456,-47.326215247422525,-35.27626568442055
21.549879327712517,6.226802404635592,18.27675196763758,21.18348963750286,5.860412714425934,17.910362277427907
18.745371822333894,3.4222948992569684,15.472244462258928,8.783433049266833,-6.539643873810093,5.510305689191867
54.757493440448286,39.434416517371346,51.484366080373334,37.2453364949762,21.92225957189929,33.97220913490125
10.05872770180666,-5.264349221270265,6.7856003417317226,7.045368061396488,-8.277708861680424,3.772240701321536
40.318360235746844,24.995283312669926,37.045232875671886,26.787563385160766,11.46448646208384,23.514436025085814
-0.07253728105997936,-15.395614204136905,-3.345664641134917,1.8866750102324943,-13.436401912844431,-1.3864523498424575
-11.482460262317403,-26.80553718539433,-14.755587622392355,-11.467137068358085,-26.79021399143501,-14.740264428433036
0.5507134393926236,-14.772363483684302,-2.722413920682328,-10.68269059999227,-26.005767523069196,-13.955817960067208
61.0740970558968,45.75102013281986,57.80096969582185,73.38368331167517,58.060606388598245,70.11055595160019
19.096972368172445,3.773895445095519,15.823845008097507,0.1028313649698589,-15.220245558107067,-3.170295995105093
-0.24255775244846234,-15.565634675525374,-3.515685112523414,10.509508907952409,-4.813568015124517,7.236381547877457
-36.140644576444956,-51.46372149952187,-39.41377193651991,-18.156123988488318,-33.47920091156524,-21.42925134856327
0.7962801190767408,-14.526796804000185,-2.4768472409981968,-0.22740706850218828,-15.550483991579114,-3.50053442857714
-0.734555365072822,-16.057632288149733,-4.007682725147774,5.815773671826776,-9.50730325125015,2.542646311751824
25.041839635143802,9.71876271206689,21.76871227506885,22.48821185525702,7.165134932180095,19.21508449518207
-30.88015790022149,-46.203234823298416,-34.15328526029644,-29.924997885157836,-45.24807480823476,-33.19812524523279
24.251133269782443,8.928056346705517,20.97800590970749,27.573243981106287,12.250167058029362,24.30011662103132
12.771469292688124,-2.551607630388787,9.498341932613172,-5.322683429535161,-20.645760352612072,-8.595810789610113
47.8760506172833,32.55297369420637,44.602923257208346,59.32402952880808,44.00095260573116,56.0509021687331
4.119360497251918,-11.203716425825007,0.8462331371769807,-2.0591464479612114,-17.382223371038123,-5.332273808036163
-0.6818874814670863,-16.004964404543998,-3.955014841542038,-5.417445573976394,-20.740522497053306,-8.690572934051346
32.2509106365657,16.92783371348878,28.97778327649074,26.26598340323916,10.94290648016225,22.99285604316421
33.98627726336351,18.663200340286593,30.713149903288553,20.320822114592232,4.997745191515307,17.047694754517266
63.106632506953176,47.78355558387625,59.833505146878224,45.42192604713554,30.09884912405863,42.14879868706059
28.400033927439466,13.07695700436254,25.1269065673645,13.752393099732203,-1.5706838233447087,10.47926573965725
