b1,b2,x0,x1,c,c1,gamma1,gamma2,mu1,mu2,T_perceive,sensitivity,dispose_rate,SSE
0.19999990655511427,14.018864847973207,14.422477192127905,18.479127827128064,0.19633960610401016,3.8527182583269366,0.3500002841061858,1.3999554989358358,1.3999872722113904,14.0,3.3625215509779203,0.01359362578553008,7.500000000000001,353.3528827062616
0.19939113590768742,13.220528368552813,13.76731261180257,18.497213888720207,0.20357803134813454,3.6950764449063156,0.3499999999999999,1.2066490857334808,1.333326804004132,13.999999999999998,3.340273173764171,0.013390400118745472,7.4866347844597385,354.4451972185633
0.19999999999999998,17.383396026679407,17.375001802717023,18.375392326159172,0.24641165376758203,3.2928403706482365,0.35,1.171646564021243,1.1670688277721797,10.841949878905385,3.8277550386957166,0.0268127223431162,3.858875783304254,407.99375745126224
0.19677608128826304,16.07901007438547,16.838339919671586,18.33819613739103,0.25141216532346483,4.0,0.35245072528793664,1.2631545898902135,1.167,7.958119760206904,3.4610243086059267,0.025028778703535988,4.30456364776925,411.8594441767967
0.06469718094668162,14.863704985644784,16.707052046578553,18.671203028670295,0.20002224589386108,3.3725635200737094,0.35,1.2483952378925152,1.309769986441219,12.578313095780544,4.40715511636762,0.02411570661596481,4.329823001400477,414.3581211167723
0.2,14.59692550353195,14.901731476218382,18.447993159304648,0.20792019645939291,4.0,0.35,1.4,1.167,14.0,3.3835136157411174,0.014141486767812244,7.5,349.40754723914273
0.09569083604899419,13.894203232180411,15.659701679238681,18.442944735964307,0.21442652019802333,3.99962862336923,0.35,1.389407648780314,1.382793591965855,9.62888367388107,3.495650217252933,0.019756022047992542,5.138443263973634,397.6513250933101
0.2,13.720203105298282,14.106914269624177,18.555182970224333,0.19994277627402127,3.0393940025687947,0.35,1.3998934106582237,1.381829708689875,13.9994501554332,3.2846262403432918,0.013268984893894406,7.5,354.5295980488696
0.18271104212113654,12.744592090632464,13.275962818874625,18.489185850847342,0.20244553854484035,3.9254942007685987,0.35,1.167,1.4,13.952849348441715,3.3235811025553725,0.0131536667010898,7.460654716244461,357.3340585142428
0.2,16.90477882420713,16.528751659859754,18.40751613204004,0.20386849714208863,4.0,0.35,1.399999877283373,1.1675739243717953,13.999999988006088,3.385248953896535,0.015299880432053825,7.499999991162825,349.02564950102106
0.19997932460406082,17.654305587021273,17.428420059552987,18.428478203548465,0.1802684877156846,3.2839326350752067,0.6986939517349569,1.1735351884747367,1.2927285292762125,14.0,3.3820340524062185,0.016481348498297948,6.417190012018333,375.9510639321671
0.14732207885841367,14.967638994884485,15.64968605414735,18.383233704884635,0.20685677434104804,3.6229375225528258,0.35,1.3740676232999722,1.3931176602582849,10.219467629108522,3.05001106609925,0.015230000081783381,7.499999999999999,370.6051193202318
0.17773045436519366,14.359049288399842,15.528963279328758,18.559015156841173,0.21650874983491825,1.6688616199908728,0.4176315369647807,1.167486269549895,1.3440712378246482,8.499959854830275,2.6840747167633956,0.014967400797807083,7.5,391.8861932160879
0.005933266791377204,13.273439565223033,13.623460652551765,18.58717210005734,0.19508888831331403,3.001775534184351,0.35,1.2636001514390862,1.1670000373753142,13.945369085153079,3.2755064332796615,0.013117379211296704,7.5,361.4038069022238
0.10848317180067929,16.93976003324838,17.54005501792032,18.54088711990925,0.19629098666665074,2.3908591790372684,0.3500207101253787,1.3585403185928004,1.39996595816638,8.665428645085706,3.176480186977123,0.018239258763652254,6.771623881652734,398.5185349029501
0.021886190950486516,15.917880095556189,15.919089224124606,18.442379121766642,0.17876082808900956,3.9999965490194476,0.35,1.3959205057740598,1.3752946737545177,13.999999669227632,3.341533608728653,0.014322142785656468,7.5,358.11193446118546
0.2,10.979555394693648,11.336452986707759,18.65525947874797,0.2139114171847533,4.0,0.3501921678791357,1.2549070590829472,1.3996010960991885,13.661850828793131,3.4800101556974212,0.012410692097296646,7.428798074840238,370.9075003157679
0.07180064228838266,12.343113712433023,13.071361585376588,18.606318399505046,0.20689234256940753,3.127697358101452,0.35,1.1679977614327164,1.1700296536853223,12.93591825962369,3.3064136448877663,0.013170366998665535,7.5,364.03816175927864
0.1284583513277225,17.661173806442108,17.252401463967747,18.30326179627533,0.20479977719972076,3.971267305601335,0.3794849463093549,1.1692487286931352,1.312545837147189,12.583201138766654,3.2704231116449636,0.018142076676815454,6.071993116276723,380.03468866920355
