,b1,b2,x0,x1,c,c1,gamma1,gamma2,mu1,mu2,T_perceive,sensitivity,dispose_rate
b1,1.0,0.06377244317710232,-0.024584479871740852,-0.2970559516927776,0.37491901305819003,0.13077019358477876,0.20729898967552923,-0.060368552017172616,0.02926645352726206,0.006124673603989839,-0.1352391946474751,0.0033912780772317784,0.018078422832790333
b2,0.06377244317710232,1.0,0.9492418549819353,-0.6749331628487629,0.042179364514063386,-0.03821125262906045,0.37276610232251267,0.025361054516559282,-0.2359494972804674,-0.27304539633583497,0.08254166411790448,0.5608610468687502,-0.4381871014688809
x0,-0.024584479871740852,0.9492418549819353,1.0,-0.5756787302379109,0.11119420007185264,-0.12599018136692858,0.3168871941182883,0.039201291092718055,-0.17296135809820656,-0.4593434192865692,0.17357650266148747,0.6990313354904544,-0.5830446580856123
x1,-0.2970559516927776,-0.6749331628487629,-0.5756787302379109,1.0,-0.2865388034933835,-0.4175867839377025,-0.13497229820254006,-0.0825815187921982,0.1921459038348663,0.21492809209844058,0.17372609166176348,-0.3312779692188035,0.2665873269374452
c,0.37491901305819003,0.042179364514063386,0.11119420007185264,-0.2865388034933835,1.0,0.0428847132168074,-0.3271464586640525,-0.23919986030133092,-0.4036606410755323,-0.590992663273935,0.14129338636642627,0.6192834636658289,-0.5973021634254156
c1,0.13077019358477876,-0.03821125262906045,-0.12599018136692858,-0.4175867839377025,0.0428847132168074,1.0,-0.19217349452749646,0.27427247413706796,-0.04832362997658143,0.40356645404091757,0.3688613201344234,0.014682291337473077,-0.10233170319395997
gamma1,0.20729898967552923,0.37276610232251267,0.3168871941182883,-0.13497229820254006,-0.3271464586640525,-0.19217349452749646,1.0,-0.34142732439775286,-0.0014968404938097881,0.10582013479318085,-0.1041203606948675,-0.010766160431681557,-0.03016490553368962
gamma2,-0.060368552017172616,0.025361054516559282,0.039201291092718055,-0.0825815187921982,-0.23919986030133092,0.27427247413706796,-0.34142732439775286,1.0,0.20013519487696363,0.05885346408973631,-0.045145433058469235,-0.17968584711349958,0.2409199239114251
mu1,0.02926645352726206,-0.2359494972804674,-0.17296135809820656,0.1921459038348663,-0.4036606410755323,-0.04832362997658143,-0.0014968404938097881,0.20013519487696363,1.0,-0.035054778293839677,-0.20564109589930607,-0.30174605241231167,0.26763705438774377
mu2,0.006124673603989839,-0.27304539633583497,-0.4593434192865692,0.21492809209844058,-0.590992663273935,0.40356645404091757,0.10582013479318085,0.05885346408973631,-0.035054778293839677,1.0,0.1922627255365758,-0.5725779152952226,0.48046372092126705
T_perceive,-0.1352391946474751,0.08254166411790448,0.17357650266148747,0.17372609166176348,0.14129338636642627,0.3688613201344234,-0.1041203606948675,-0.045145433058469235,-0.20564109589930607,0.1922627255365758,1.0,0.5885474744023113,-0.667149185791185
sensitivity,0.0033912780772317784,0.5608610468687502,0.6990313354904544,-0.3312779692188035,0.6192834636658289,0.014682291337473077,-0.010766160431681557,-0.17968584711349958,-0.30174605241231167,-0.5725779152952226,0.5885474744023113,1.0,-0.9699647112030692
dispose_rate,0.018078422832790333,-0.4381871014688809,-0.5830446580856123,0.2665873269374452,-0.5973021634254156,-0.10233170319395997,-0.03016490553368962,0.2409199239114251,0.26763705438774377,0.48046372092126705,-0.667149185791185,-0.9699647112030692,1.0
