rank,lhs_sse,polished_sse,T_perceive
1,247282.19779976568,8879.53000115571,6.049848885808837
2,1071930.9276996779,44779.009562809435,0.10000000000000002
3,1133041.3921050674,34387.372505325926,0.11456120041376937
4,1186689.7058794852,31475.866536051744,0.1
5,1204112.9505597781,9768.874863027362,4.9968289675219015
6,1276995.290695832,8879.5300188765,6.049620347534853
7,1747875.6135954843,35701.91048252407,0.33880290923586115
8,1863603.4490998157,8887.248646222659,5.9913267213977015
9,1883612.8640937777,8879.530048406901,6.049520066387389
10,1955248.8617619837,48796.938828272134,0.1
