rank,lhs_sse,polished_sse,iterations,evaluations
1,1485.8586442861197,611.2451535472089,21,960
2,2004.230461202462,1140.7311139654698,25,840
3,2024.4142390106188,577.759526088798,150,2676
4,2271.0010279753305,761.6517396924284,67,2436
5,2594.1797235017298,613.2867230581581,165,5436
6,2862.489945685989,411.9777827264425,258,6396
7,2865.4489640028696,621.9944849184652,189,6252
8,3554.3602952908977,587.3190842850959,146,3072
9,3619.100666775448,542.132857135343,41,924
10,3723.840686250406,681.6182453118474,73,3744
