Week,Observed_cumulative_deaths,Predicted_cumulative_deaths,Residual
0,3.0,0.0,3.0
1,3.0,3.402370794485025,-0.4023707944850252
2,5.0,4.6649614732378915,0.33503852676210855
3,5.0,5.778854086877451,-0.778854086877451
4,6.0,6.871519925120904,-0.8715199251209036
5,6.0,7.959415711869851,-1.959415711869851
6,8.0,9.045711354683808,-1.0457113546838084
7,11.0,10.131597996129774,0.8684020038702265
8,11.0,11.218828975548288,-0.21882897554828773
9,12.0,12.314459145955336,-0.3144591459553361
10,19.0,13.463274379761037,5.536725620238963
11,27.0,15.077891499523256,11.922108500476744
12,34.0,22.479983562811103,11.520016437188897
13,90.0,94.71392580641839,-4.713925806418388
14,259.0,253.18963674774454,5.810363252255456
15,313.0,318.3330247947467,-5.333024794746677
16,345.0,344.0079977050768,0.9920022949232248
17,364.0,363.40698537553845,0.5930146244615457
18,376.0,374.55914747980773,1.4408525201922657
19,376.0,375.64371281888236,0.35628718111763646
20,376.0,376.49245173735795,-0.49245173735795333
21,376.0,377.340582878339,-1.340582878338978
