Parameter,Bound_lo,Bound_hi,Best_Fit,Std_Error_approx,CI_lower_approx,CI_upper_approx
b1,0.001,0.2,0.10050351327824616,0.990839323589188,0.001,0.2
b2,5.0,25.0,10.548188469124515,197.8019187935276,5.0,25.0
x0,5.0,20.0,6.765785453623559,84.05361298289306,5.0,20.0
x1,14.0,20.0,17.680033657034226,714.07321189788,14.0,20.0
c,0.02,2.0,0.14678779920845128,39.100376172717155,0.02,2.0
c1,0.8,4.0,3.1958230434989168,8.525459628292962,0.8,4.0
gamma_const,0.35,1.4,0.4193043114369352,18.2659010927072,0.35,1.4
mu_const,1.167,14.0,13.313557785358345,457.5406069823636,1.167,14.0
T_perceive,0.5,20.0,3.4091832309530385,967.1720410364296,0.5,20.0
sensitivity,0.005,0.2,0.011587505674120247,0.34581086811761147,0.005,0.2
dispose_rate,2.0,7.5,7.499999982682938,6.59196533187857,2.0,7.5
