replicate,SSE_double,SSE_single,delta_AIC_cum,delta_AICc_cum,delta_BIC_cum,delta_AIC_incr,delta_AICc_incr,delta_BIC_incr
1,235.03734747388944,1051.119650417558,26.953069199928834,11.629992276851922,23.679941839853882,5.755289236591167,-9.567787686485744,2.4821618765162157
2,636.9926063911737,1964.074614152969,18.77240547148672,3.4493285484097953,15.499278111411769,15.593832807677757,0.2707558846008453,12.320705447602805
3,28.59762078667154,46.36712494570179,4.631877716417144,-10.691199206659775,1.3587503563421919,4.657070904427137,-10.666006018649782,1.383943544352185
4,409.04896977601373,625.2063860766272,3.333432538534609,-11.989644384542302,0.06030517845965733,9.933881097865964,-5.389195825210962,6.660753737790998
5,258.05295362478853,200.6097944899052,-11.539668423555725,-26.86274534663265,-14.812795783630676,-7.510362789978217,-22.833439713055142,-10.783490150053169
6,738.0491943220725,46.22473125020583,-66.95090139698137,-82.27397832005829,-70.22402875705632,-33.49443546099314,-48.81751238407007,-36.76756282106809
7,462.249088716856,39.23544586727137,-60.26351324513295,-75.58659016820988,-63.5366406052079,-52.774291979473475,-68.09736890255039,-56.047419339548426
8,105.88977801765961,101.00583193683629,-7.038850251308226,-22.36192717438516,-10.311977611383178,-6.146511185414354,-21.46958810849128,-9.419638545489292
9,810.2467900675288,133.31755054156085,-45.70130999695878,-61.02438692003571,-48.97443735703372,-18.741651296944013,-34.06472822002094,-22.014778657018965
10,664.9974191893087,69.6534643445769,-55.637515870968414,-70.96059279404533,-58.910643231043366,-39.78573248691055,-55.10880940998746,-43.0588598469855
11,1270.9770035506926,46.72896511773507,-78.66989328187884,-93.99297020495578,-81.94302064195381,-61.177495131704,-76.50057205478093,-64.45062249177894
12,1101.6296527532286,91.48896151353603,-60.74320586107116,-76.06628278414807,-64.01633322114611,-42.665459243922086,-57.988536166999,-45.93858660399704
13,1156.3667445848996,1380.9656004536464,-2.095000177708485,-17.41807710078541,-5.368127537783437,5.415260204679612,-9.9078167183973,2.14213284460466
14,550.3983779581868,61.86248652999397,-54.0860242951929,-69.40910121826981,-57.35915165526785,-47.871578166835036,-63.19465508991195,-51.14470552690999
15,120.29280348203969,62.94423036616642,-20.248953349462823,-35.572030272539735,-23.522080709537775,-20.215205890233143,-35.538282813310076,-23.48833325030808
16,876.5514759981011,1644.0064130538328,7.835712986089817,-7.487363936987094,4.562585626014865,14.4546371585662,-0.8684397645107254,11.181509798491248
17,57.44205061435095,888.8269385563386,54.26077029631087,38.937693373233955,50.987642936235915,33.73602220501074,18.412945281933816,30.46289484493579
18,117.1824912238488,2653.2459490278857,62.6357448072942,47.31266788421726,59.36261744721925,44.767388294699494,29.444311371622575,41.49426093462455
19,344.7821753619187,1364.6766491182907,24.266718913130944,8.943641990054019,20.993591553056007,18.661197668728008,3.338120745651082,15.388070308653056
20,164.36324794759028,154.7551260844684,-7.325167118970803,-22.648244042047736,-10.598294479045734,-4.500779353619869,-19.823856276696787,-7.773906713694814
21,114.75663278468117,119.55970437005875,-5.0979512601412935,-20.421028183218212,-8.371078620216238,-4.350909446563094,-19.673986369640005,-7.6240368066380455
22,815.3105123165251,270.50034666868396,-30.272504465372705,-45.59558138844963,-33.54563182544766,-14.16632348927702,-29.48940041235393,-17.43945084935197
23,51.51632086168088,1353.234415025318,65.90379243323264,50.58071551015573,62.63066507315769,67.60276196591107,52.27968504283416,64.32963460583613
24,1640.3508863541085,4489.922648040222,16.15235659896267,0.8292796758857435,12.879229238887717,35.48675996094117,20.163683037864246,32.21363260086622
25,1435.8575006189978,660.0078134109458,-23.09984842896297,-38.42292535203988,-26.372975789037923,-25.432485854540317,-40.75556277761723,-28.70561321461527
26,1291.2518914218358,374.41267320609535,-33.236195620173305,-48.55927254325023,-36.50932298024826,-21.70468749965407,-37.027764422730996,-24.977814859729023
27,141.39217703280264,174.07977431986194,-1.4245227110948164,-16.747599634171735,-4.697650071169761,-5.392372443555686,-20.715449366632598,-8.665499803630638
28,141.49976290309846,90.89405458987713,-15.73727586684609,-31.060352789923,-19.010403226921042,-10.251868269935308,-25.574945193012226,-13.524995630010267
29,1256.4215187027714,2658.7410706696096,10.490872491522893,-4.8322044315540325,7.217745131447941,35.48873665288103,20.165659729804105,32.21560929280611
30,147.7636952862762,134.31115595763168,-8.100013888739518,-23.423090811816436,-11.373141248814477,1.589303061217862,-13.73377386185905,-1.6838242988570897
31,1282.2969472285224,183.87122454270482,-48.727797041381244,-64.05087396445818,-52.0009244014562,-21.115849250754835,-36.438926173831746,-24.388976610829786
32,71.33579914586366,96.02214093707201,0.5379711411347543,-14.785105781942178,-2.7351562189401974,-7.4703221143664535,-22.79339903744338,-10.743449474441412
33,610.7269170749946,100.70212891664835,-45.65462543574825,-60.97770235882517,-48.9277527958232,-31.709639781218463,-47.032716704295396,-34.982767141293415
34,114.07197446588879,58.837807130542444,-20.564989503781682,-35.8880664268586,-23.83811686385664,-32.05796102255719,-47.38103794563412,-35.33108838263215
35,48.275135198963454,193.34760807426738,24.52660639826538,9.203529475188446,21.253479038190434,0.7600157888733534,-14.56306113420358,-2.5131115712016054
36,90.82472233734424,120.75156522564676,0.26568214787590705,-15.057394775201018,-3.0074452121990447,-5.630513401658959,-20.953590324735885,-8.903640761733904
37,1676.3980191324636,154.98584740035614,-58.38351643303534,-73.70659335611226,-61.656643793110305,-48.776009774616014,-64.09908669769293,-52.049137134690966
38,1230.2396904609066,1484.4189436845215,-1.8680833919259783,-17.191160315002904,-5.14121075200093,17.417610777062393,2.0945338539854674,14.144483416987455
39,302.3311764892909,133.25789121323558,-24.02320839050907,-39.346285313585994,-27.296335750584035,-12.810686536817173,-28.133763459894098,-16.083813896892124
40,56.744118969521956,70.22501324401907,-1.310644096110849,-16.63372101918776,-4.583771456185801,-3.2221068633878716,-18.54518378646479,-6.495234223462823
41,114.0536427319188,61.63334083922973,-19.54025016283257,-34.86332708590949,-22.81337752290753,-23.35611950576996,-38.67919642884688,-26.62924686584492
42,146.23384066378512,43.21437856485747,-32.81874165955654,-48.14181858263346,-36.09186901963149,-30.46630350649764,-45.789380429574564,-33.739430866572604
43,1499.5501956052326,111.77839750923387,-63.12084740776954,-78.44392433084646,-66.3939747678445,-28.210337261954407,-43.53341418503133,-31.48346462202936
44,143.98754177010872,73.14516854153769,-20.900175481603284,-36.22325240468021,-24.17330284167823,-16.376780183291892,-31.699857106368825,-19.649907543366822
45,109.6661115160532,129.84787912627982,-2.283689494504131,-17.606766417581056,-5.556816854579083,8.446477065548706,-6.8765998575282055,5.173349705473754
46,29.12613871059236,39.292535779607135,0.5867683878327554,-14.73630853524417,-2.6863589722421963,-8.350098279287451,-23.673175202364376,-11.623225639362403
47,741.2497259346801,689.8191323868372,-7.581979175115919,-22.905056098192844,-10.85510653519087,-9.924546295513622,-25.247623218590533,-13.197673655588574
48,366.3592454706066,537.301885622031,2.424805623646577,-12.898271299430348,-0.8483217364283746,-3.8828485624449485,-19.20592548552186,-7.1559759225199
49,409.42430072116645,118.53425303703277,-33.270101197007186,-48.59317812008412,-36.54322855708214,-39.951223813478606,-55.27430073655553,-43.22435117355357
50,458.12756465712374,3295.112365388992,37.40705330185396,22.083976378777038,34.13392594177901,65.3873201782271,50.06424325515016,62.11419281815216
51,182.821409379869,29.582314747914833,-46.06932739193508,-61.392404315012016,-49.342454752010035,-40.644525640483124,-55.96760256356005,-43.917653000558076
52,1085.344591019128,1237.0447554764319,-3.1217896883893985,-18.44486661146631,-6.39491704846435,17.922223210589465,2.5991462875125535,14.649095850514513
53,665.6302762249131,70.44527716480258,-55.40975990734634,-70.73283683042325,-58.68288726742129,-28.295614896217963,-43.618691819294895,-31.568742256292914
54,73.85742586191442,217.90304455924354,17.80210045176709,2.4790235286901776,14.528973091692137,14.374159224551647,-0.9489176985252783,11.101031864476695
55,164.6711068759163,50.086498935153486,-32.18437147805827,-47.50744840113519,-35.45749883813323,-25.511525205590466,-40.834602128667385,-28.784652565665418
56,81.70608904635819,126.09023117545009,3.5451233389532106,-11.777953584123722,0.2719959788782589,4.473502063327977,-10.849574859748941,1.2003747032530327
57,1334.7078193027614,1024.7454950749047,-11.813898676990718,-27.136975600067643,-15.08702603706567,14.201115772187606,-1.1219611508893053,10.927988412112654
58,436.1106493942178,2272.8502043148433,30.319666357080905,14.996589434003965,27.046538997005953,37.51705172182763,22.193974798750702,34.24392436175265
59,79.82886129308609,883.5500733357574,46.88938285063573,31.5663059275588,43.616255490560775,39.009732974725445,23.686656051648526,35.73660561465049
60,78.74037572359344,249.15971429938196,19.342637243586665,4.01956032050974,16.069509883511714,5.588081894435106,-9.73499502864182,2.3149545343601545
61,1514.0540783294186,54.0706688407237,-79.30959413759422,-94.63267106067114,-82.58272149766916,-33.71922170664051,-49.04229862971742,-36.99234906671546
62,290.62856049934635,58.60600179579758,-41.226596160474145,-56.54967308355107,-44.49972352054911,-42.21311111842736,-57.53618804150429,-45.48623847850233
63,104.10857021533164,34.790631814120026,-30.11389528224254,-45.43697220531946,-33.38702264231749,-23.74262687126057,-39.065703794337495,-27.015754231335535
64,2202.8557560369604,434.33137142500203,-41.72144613657085,-57.04452305964776,-44.9945734966458,-26.290263887507706,-41.61334081058463,-29.563391247582672
65,878.2919418384649,1761.2308178791632,9.307360767625838,-6.015716155451088,6.034233407550886,15.973637825027978,0.650560901951053,12.700510464953027
66,170.25151512682552,92.87713326788071,-19.331986192850593,-34.655063115927504,-22.605113552925545,-23.11336448321031,-38.436441406287244,-26.386491843285263
67,336.7959808386954,206.64371481926182,-16.746586906937637,-32.06966383001456,-20.019714267012603,-18.407061003520298,-33.73013792659721,-21.68018836359525
68,304.4407501411258,3954.451172567301,50.410653533852255,35.08757661077533,47.13752617377733,35.093350429964644,19.77027350688772,31.820223069889693
69,1752.9747050038743,1296.0307973422052,-12.644171935693322,-27.967248858770247,-15.91729929576826,-9.156563443298325,-24.47964036637525,-12.429690803373276
70,468.41328931830463,198.2613799868657,-24.914824323558022,-40.237901246634934,-28.187951683632974,-24.142401132591274,-39.465478055668186,-27.415528492666226
71,303.08625702745485,356.81969525527484,-2.4093105408526583,-17.732387463929584,-5.68243790092761,-2.259642334558386,-17.58271925763532,-5.5327696946333305
72,184.18248936894864,437.13259498560546,13.014809306539547,-2.3082676165373783,9.741681946464595,9.63164011688444,-5.691436806192485,6.358512756809503
73,1138.1952560836612,131.69992132957665,-53.446809670609944,-68.76988659368688,-56.7199370306849,-50.08379915477081,-65.40687607784774,-53.35692651484576
74,951.3947849793794,1519.13574830899,4.295290784441775,-11.027786138635136,1.0221634243668234,3.8637366942564597,-11.459340228820466,0.590609334181508
75,34.302994335418795,46.6075560813759,0.7436605914871066,-14.579416331589812,-2.529466768587845,-8.40069338060222,-23.72377030367913,-11.673820740677172
76,166.01886796836675,104.36907099382148,-16.211697488290042,-31.534774411366968,-19.484824848365008,-9.416816113215035,-24.73989303629196,-12.689943473289972
77,651.8334546271665,532.9448250457777,-10.430166191852138,-25.753243114929063,-13.70329355192709,-10.606766952485543,-25.92984387556247,-13.87989431256048
78,196.2909862081471,142.12680625750073,-13.103327458739322,-28.426404381816255,-16.37645481881428,-6.370807889778646,-21.693884812855572,-9.643935249853598
79,99.03233116837193,27.551017145377845,-34.14695222643186,-49.47002914950879,-37.42007958650681,-27.55069021020562,-42.87376713328255,-30.823817570280568
80,113.82245897167286,48.95237113177112,-24.563425084690465,-39.88650200776739,-27.836552444765424,-18.682920379765037,-34.00599730284196,-21.95604773983999
81,173.33692985130375,93.90998568418011,-19.483812044112085,-34.806888967188996,-22.756939404187037,-14.739381795656435,-30.062458718733367,-18.012509155731408
82,616.6319668360369,112.635002023282,-43.40263642813059,-58.72571335120752,-46.67576378820554,-36.29885931973842,-51.62193624281534,-39.571986679813364
83,390.32324780349785,1348.2626976858319,21.271132146010103,5.948055222933192,17.99800478593515,49.54711964680159,34.224042723724665,46.27399228672664
84,196.55545341557885,198.82765558304044,-5.747136400793494,-21.07021332387042,-9.02026376086846,-2.1057197322425196,-17.42879665531943,-5.378847092317471
85,342.98981536051764,337.15487521357574,-6.377483892493018,-21.700560815569943,-9.650611252567984,-7.543407243533679,-22.866484166610604,-10.816534603608616
86,148.47090499733912,217.37688637487096,2.387360025200934,-12.935716897875992,-0.8857673348740178,6.402180019031093,-8.920896904045833,3.1290526589561267
87,840.3164174385864,192.08448103436967,-38.46855100927265,-53.79162793234957,-41.741678369347596,-25.31252471143499,-40.6356016345119,-28.58565207150994
88,1560.8197343121906,3328.9458357568647,10.66377974960669,-4.659297173470236,7.390652389531752,38.34428701695208,23.02121009387514,35.07115965687716
89,326.6559974584319,257.45670097000874,-11.237233479052236,-26.56031040212916,-14.510360839127188,-17.88921765036055,-33.212294573437475,-21.162345010435516
90,323.9091797704736,191.7319030670079,-17.53603240023189,-32.8591093233088,-20.80915976030684,-16.56596626207019,-31.889043185147116,-19.839093622145143
91,1729.4208418330877,429.10579658284547,-36.66444386126656,-51.98752078434349,-39.9375712213415,-39.6890768567446,-55.01215377982153,-42.96220421681956
92,760.994669750618,3319.776341453866,26.40657945892474,11.083502535847828,23.133452098849773,32.575401662125,17.252324739048078,29.302274302050037
93,148.3600052994022,1470.4163356985973,44.4604996037015,29.13742268062458,41.18737224362654,38.27739639629067,22.954319473213744,35.00426903621573
94,1754.0813450644125,135.71502076389586,-62.301152535468646,-77.62422945854556,-65.5742798955436,-42.006394695020404,-57.329471618097315,-45.279522055095356
95,96.986529969798,126.51986571652891,-0.1518008408801279,-15.474877763957053,-3.4249282009550797,-1.7889613224419705,-17.112038245518903,-5.062088682516915
96,49.30157141489866,1438.5213978692175,68.21513226435168,52.89205534127477,64.94200490427673,45.49749900466467,30.17442208158775,42.22437164458972
97,586.8585404521176,92.32005453215619,-46.68949302077809,-62.01256994385501,-49.96262038085304,-21.238736150259015,-36.56181307333594,-24.511863510333967
98,78.4573695530993,1745.6583186340422,62.25129540230523,46.928218479228306,58.97816804223028,41.744040890948575,26.420963967871657,38.47091353087362
99,197.88963316605327,221.56710917816594,-3.513646844156213,-18.83672376723314,-6.786774204231165,-5.330418135871199,-20.653495058948124,-8.603545495946136
100,1036.4012313105316,1403.0685222805137,0.6639602037123211,-14.65911671936459,-2.6091671563626306,25.41198950599862,10.088912582921708,22.138862145923667
101,1798.763922847834,509.2031388873979,-33.764175283840444,-49.08725220691737,-37.03730264391538,-52.14985877608366,-67.47293569916057,-55.42298613615861
102,1668.0910918316567,1122.0795659944856,-14.72291628638078,-30.045993209457706,-17.996043646455746,6.7115122450032345,-8.611564678073677,3.4383848849282828
103,385.50826942973947,162.9708425671916,-24.94180946026524,-40.26488638334216,-28.2149368203402,-6.435642748150457,-21.758719671227382,-9.708770108225423
104,58.151032536332856,79.96377111880062,1.007660788712613,-14.315416134364298,-2.2654665713623388,-4.957455349604729,-20.280532272681654,-8.23058270967968
105,123.62904339213856,1431.9222709131923,47.88872653202833,32.56564960895142,44.61559917195338,35.04116399904558,19.71808707596867,31.768036638970628
106,150.847360264848,3416.4260262463295,62.64179950532251,47.318722582245584,59.368672145247544,38.72746883342252,23.404391910345595,35.45434147334758
107,186.55971019165315,137.6485177080448,-12.68905350862115,-28.012130431698083,-15.962180868696095,-12.060482470857067,-27.38355939393398,-15.33360983093202
108,207.75654573142964,1554.6851150833772,38.27855002554281,22.955473102465888,35.00542266546786,37.30451430912417,21.98143738604726,34.03138694904922
109,202.35762170955658,1431.0799608873967,37.0352586188674,21.712181695790477,33.762131258792465,27.261526543321096,11.938449620244185,23.988399183246145
110,157.5564784819835,131.33410253088357,-10.00486922167164,-25.327946144748566,-13.277996581746578,-23.88190987544266,-39.204986798519585,-27.15503723551761
111,915.0589967782788,312.5164198166269,-29.63529364550091,-44.95837056857782,-32.90842100557586,-18.539137560997133,-33.862214484074045,-21.812264921072085
112,671.7454503236615,182.9416097082689,-34.615673796749455,-49.93875071982639,-37.888801156824414,-35.96952128916583,-51.29259821224275,-39.242648649240785
113,1144.4409121454555,42.03176123782336,-78.69341107513299,-94.0164879982099,-81.96653843520794,-55.340438977350445,-70.66351590042737,-58.6135663374254
114,367.6042101619583,434.6377234541386,-2.3148675394606073,-17.637944462537533,-5.587994899535545,-6.118333549183845,-21.441410472260756,-9.391460909258797
115,225.18008096746814,56.30881742429362,-36.49308468939808,-51.816161612475014,-39.76621204947302,-30.749433988700204,-46.072510911777115,-34.022561348775156
116,787.5008892296398,1880.1293230781894,13.145089533897377,-2.177987389179549,9.871962173822425,4.763861818693002,-10.55921510438391,1.49073445861805
117,1594.7839100152466,115.86615955655103,-63.68527156441545,-79.00834848749237,-66.95839892449041,-43.47904968886217,-58.8021266119391,-46.75217704893712
118,612.2118272404388,142.26191576527964,-38.106987213515566,-53.43006413659248,-41.38011457359052,-40.80770124086921,-56.13077816394612,-44.08082860094416
119,797.2869069751696,3177.1201721065454,24.415348953880297,9.092272030803372,21.142221593805345,30.334359102158032,15.011282179081107,27.061231742083095
120,217.92240605224146,191.28255862619778,-8.868522018754248,-24.191598941831174,-12.141649378829214,-6.751714138992348,-22.074791062069266,-10.024841499067293
121,1202.9092301873152,1315.0654629326268,-4.038843773937558,-19.36192069701447,-7.311971134012509,28.281535284994618,12.958458361917693,25.008407924919652
122,281.3980625556137,64.13475582496906,-38.533244262132165,-53.85632118520908,-41.806371622207116,-36.13371140482366,-51.45678832790058,-39.406838764898595
123,810.1938538245986,748.8090845304278,-7.733368725739652,-23.056445648816563,-11.006496085814604,0.6864994350259934,-14.636577488050918,-2.5866279250489583
124,417.78159549019415,103.21405309378908,-36.75938315958757,-52.08246008266448,-40.03251051966252,-39.429784110856914,-54.752861033933826,-42.702911470931866
125,1985.5327377582616,4450.191852223791,11.755318861162976,-3.5677580619139633,8.48219150108801,36.252576304566134,20.929499381489194,32.97944894449118
126,88.25230078928007,943.8455948953983,46.13478206854927,30.81170514547236,42.86165470847432,34.35656483329362,19.033487910216706,31.083437473218666
127,354.8484644429149,82.39427580199752,-38.123847173885196,-53.44692409696212,-41.39697453396013,-36.37232331840487,-51.69540024148179,-39.64545067847983
128,596.5678580523218,4770.996238785911,39.74058327834349,24.417506355266568,36.46745591826854,40.29479682758446,24.971719904507523,37.021669467509525
129,976.3585784215841,1293.5216922558102,0.18846485011933112,-15.134612072957594,-3.0846625099556206,16.172813963271395,0.8497370401944835,12.899686603196443
130,198.24498858734665,87.58100136135204,-23.972668713197926,-39.29574563627486,-27.245796073272864,-30.739188471985344,-46.06226539506227,-34.012315832060295
131,788.973216393878,944.6541606772416,-2.0380965825910806,-17.361173505667992,-5.311223942666032,7.787149588135364,-7.535927334941547,4.514022228060412
132,494.3818883971569,354.8882506457403,-13.29311701723779,-28.616193940314716,-16.566244377312742,0.44789860685335725,-14.875178316223568,-2.8252287532215945
133,268.86377882304413,396.0429364142292,2.5209911105843616,-12.802085812492564,-0.7521362494905759,-11.092096862208386,-26.415173785285305,-14.36522422228333
134,175.63154807117655,65.266041881594,-27.778162014543426,-43.10123893762035,-31.051289374618378,-27.777964184156616,-43.10104110723354,-31.051091544231568
135,1424.4987954014928,4383.853282706238,18.73037717091134,3.4073002478343994,15.457249810836359,24.004161168912987,8.681084245836075,20.73103380883802
136,314.1688699007593,1093.2293636727788,21.433134749029534,6.110057825952623,18.160007388954583,18.357392773058635,3.0343158499817093,15.084265412983683
137,97.68621560112439,3463.303819966875,72.50079190064554,57.17771497756863,69.2276645405706,70.9777960714384,55.654719148361465,67.70466871136344
138,100.50269380339705,86.69918539776275,-9.250280947195222,-24.573357870272147,-12.523408307270174,-6.9139541962931474,-22.23703111937006,-10.1870815563681
139,47.50310759917428,1549.0816048560268,70.66169256395936,55.33861564088245,67.38856520388441,51.85238863384026,36.52931171076334,48.57926127376531
140,649.1607908808992,82.00795272574561,-51.51501263626558,-66.8380895593425,-54.78813999634053,-42.202552179069514,-57.525629102146425,-45.475679539144465
141,402.55863063381196,108.40673311277,-34.8629121386821,-50.18598906175902,-38.13603949875705,-46.22704525157459,-61.55012217465152,-49.500172611649525
142,436.91809507854737,231.70613661808213,-19.95406838768791,-35.27714531076482,-23.227195747762863,-6.6862296837545045,-22.00930660683143,-9.95935704382947
143,327.5290703666192,121.13183541063492,-27.883340914529477,-43.206417837606395,-31.15646827460443,-17.14324655353478,-32.46632347661169,-20.416373913609732
144,54.500210165057375,1331.8656059834966,64.31489061739595,48.99181369431902,61.041763257320994,49.26948202893169,33.94640510585478,45.99635466885674
145,1183.7579767785317,304.37885597785504,-35.87987685710361,-51.20295378018052,-39.15300421717856,-23.870472224650754,-39.193549147727666,-27.143599584725706
146,436.9936247343089,35.412342334655776,-61.28288025446859,-76.60595717754552,-64.55600761454355,-53.89249344422478,-69.21557036730172,-57.165620804299735
147,513.46757105,261.0181481604338,-20.88513260326856,-36.20820952634547,-24.15825996334351,-20.821989104948315,-36.14506602802524,-24.095116465023267
148,213.63521978732896,2914.419369146917,51.489430054078326,36.166353131001415,48.21630269400339,65.07041629225205,49.74733936917511,61.79728893217708
149,78.37300344181148,379.1108795061258,28.679682315461896,13.356605392384978,25.406554955386945,8.664162930790027,-6.658913992286884,5.391035570715076
150,813.6951192978585,139.46943519574833,-44.802286045817986,-60.125362968894905,-48.07541340589293,-16.995849386256154,-32.318926309333065,-20.268976746331106
151,559.2249730569906,1923.7861487981233,21.180969800815774,5.857892877738848,17.907842440740822,50.089645101866836,34.766568178789896,46.81651774179187
152,1246.4507592552993,1762.01580715199,1.6154843296214239,-13.707592593455487,-1.657643030453528,4.903617747965669,-10.419459175111243,1.6304903878907169
153,825.3398300347401,39.987822051548115,-72.59884566864783,-87.92192259172474,-75.87197302872278,-43.56859072300193,-58.89166764607886,-46.841718083076884
154,68.33420679637058,47.47194139499387,-14.013976162370852,-29.337053085447778,-17.287103522445804,-26.197803328702513,-41.520880251779445,-29.470930688777464
155,213.56794274443803,134.08689297154118,-16.240273345104384,-31.56335026818131,-19.51340070517935,-26.880775794672118,-42.20385271774903,-30.15390315474707
156,235.9304991723871,77.80879366539821,-30.40422187953,-45.727298802606924,-33.67734923960495,-28.117512994268594,-43.440589917345505,-31.390640354343546
157,508.42495387217787,138.91045385013962,-34.54473847785761,-49.86781540093453,-37.81786583793256,-25.637773455602144,-40.96085037867907,-28.910900815677095
158,460.1785799352622,1131.8461629972514,13.799795833815566,-1.5232810892613458,10.526668473740614,19.956503699048156,4.633426775971245,16.683376338973204
159,2032.338354216338,606.539352316882,-32.6017993379032,-47.92487626098013,-35.87492669797814,-49.2067475520456,-64.52982447512252,-52.47987491212055
160,218.02763517512886,63.275709153864966,-33.216646770629325,-48.53972369370625,-36.489774130704276,-26.108373705236055,-41.43145062831299,-29.381501065311006
161,321.93601333202383,187.14028704842258,-17.934874065861585,-33.25795098893852,-21.208001425936516,-15.824655204087193,-31.14773212716412,-19.097782564162145
162,1959.1696929169464,137.65825539213728,-64.4210403221953,-79.74411724527221,-67.69416768227023,-43.19773256292774,-58.520809486004666,-46.47085992300269
163,280.2275211381587,167.05461874130685,-17.380182691370322,-32.70325961444725,-20.653310051445274,-17.150852403861876,-32.4739293269388,-20.423979763936813
164,679.8343418663947,50.3837786374986,-63.247957420450085,-78.57103434352702,-66.52108478052503,-44.4287984222697,-59.75187534534663,-47.70192578234465
165,631.971460128392,185.94188858827079,-32.91502081729014,-48.23809774036707,-36.18814817736509,-12.662325980402727,-27.985402903479653,-15.935453340477679
166,473.80903266118054,382.3982060683379,-10.715521050060232,-26.038597973137158,-13.988648410135184,-6.0620722305977495,-21.385149153674675,-9.335199590672701
167,440.23365196804207,78.03944822641313,-44.06200569230267,-59.3850826153796,-47.33513305237762,-29.874896456841753,-45.19797337991868,-33.14802381691669
168,1307.1963474491754,3798.820421516807,17.46973094867556,2.1466540255986217,14.196603588600638,22.50753064481708,7.184453721740141,19.234403284742086
169,1176.7691230520982,3512.084961469933,18.05561873750105,2.7325418144241382,14.782491377426084,40.953402789303,25.63032586622606,37.68027542922805
170,108.22475083930985,227.84895496489875,10.378402482559373,-4.944674440517545,7.105275122484429,-9.883909596980772,-25.206986520057697,-13.157036957055723
171,1132.991624889189,109.1902044952241,-57.46956126752669,-72.79263819060361,-60.742688627601645,-36.72729632399002,-52.05037324706694,-40.00042368406497
172,462.6327736364715,122.1426868490121,-35.29836070093874,-50.62143762401567,-38.57148806101369,-25.329788122462524,-40.65286504553944,-28.602915482537476
173,155.46416667131604,121.22042467295194,-11.473703087823282,-26.796780010900207,-14.746830447898233,-10.930894993565929,-26.253971916642854,-14.204022353640873
174,83.64719150214518,1546.8392012496365,58.18194310847292,42.85886618539601,54.90881574839797,57.59042496484053,42.26734804176361,54.317297604765585
175,487.8000201000593,1208.8400449643955,13.965242248345689,-1.3578346747312366,10.692114888270737,15.967784302506999,0.6447073794300735,12.694656942432061
176,274.5073416185004,3876.946310926429,52.252151836188986,36.92907491311206,48.979024476114006,39.82213327098813,24.499056347911207,36.549005910913195
177,335.05745923205416,1641.5056703662603,28.959477390282018,13.636400467205092,25.686350030207066,26.849322709823355,11.526245786746443,23.576195349748403
178,121.16135525200292,78.36699387751412,-15.58584724862893,-30.90892417170585,-18.858974608703875,-15.719296140293658,-31.042373063370576,-18.99242350036861
179,434.318859949199,91.82430485129798,-40.18584275416707,-55.508919677243995,-43.45897011424202,-38.11699765798284,-53.44007458105976,-41.390125018057795
180,90.73261758894662,93.22126270851014,-5.404703688681067,-20.727780611757993,-8.677831048756019,-2.2942849133404906,-17.617361836417416,-5.5674122734154565
181,558.7457319426237,1106.8007442699497,9.037757087043744,-6.2853198360331675,5.764629726968792,11.207594796621308,-4.115482126455618,7.934467436546356
182,106.4497532655789,667.4871786363068,34.38863638834085,19.06555946526393,31.11550902826589,19.123905128132634,3.8008282050557085,15.850777768057696
183,81.86858259540412,91.42185120361412,-3.5718773411229066,-18.894954264199825,-6.845004701197858,4.806526246203781,-10.516550676873138,1.533398886128822
184,621.0086854201148,127.20372696972642,-40.88221258425606,-56.20528950733298,-44.15533994433101,-16.212205773587556,-31.53528269666448,-19.485333133662508
185,132.60892486374578,41.79266519292353,-31.403037701176316,-46.72611462425324,-34.676165061251275,-13.991587971193844,-29.314664894270777,-17.264715331268796
186,285.4572358048215,789.2086729391812,16.372647720879883,1.0495707978029571,13.099520360804917,4.698483361700809,-10.624593561376116,1.4253560016258575
187,336.58575884410516,235.60719844868913,-13.847113274501737,-29.170190197578663,-17.120240634576703,-26.405370678906564,-41.728447601983476,-29.678498038981516
188,76.57923666553747,1313.541026759633,56.527429032825395,41.20435210974847,53.254301672750444,49.902070807999976,34.578993884923065,46.628943447925025
189,963.8863547743127,315.2705357019983,-30.585930263263748,-45.90900718634067,-33.8590576233387,-21.57115283435465,-36.894229757431575,-24.8442801944296
190,920.6605529508768,1511.8575734325782,4.912064901970851,-10.411012021106075,1.6389375418958991,3.1271195530181615,-12.195957370058764,-0.14600780705679028
191,120.4740766722624,118.48149126126663,-6.366912522860503,-21.689989445937428,-9.640039882935454,-4.845934907041169,-20.169011830118095,-8.11906226711612
192,486.85700624580767,390.6567411026295,-10.843106045431398,-26.166182968508323,-14.11623340550635,-8.022219619825776,-23.345296542902688,-11.295346979900728
193,968.3563082511979,140.70272432719477,-48.43691715969212,-63.75999408276904,-51.71004451976708,-33.79414331848797,-49.11722024156488,-37.06727067856292
194,67.9460759872459,80.99371882455537,-2.135541250371425,-17.458618173448343,-5.408668610446377,-6.681241823073208,-22.004318746150133,-9.954369183148145
195,662.3955788324545,229.28171021602517,-29.340053120050314,-44.663130043127225,-32.613180480125266,-30.046388808838913,-45.36946573191584,-33.31951616891388
196,1008.5222693844387,1515.7756685609488,2.9637050916376353,-12.359371831439276,-0.30942226843731646,12.482152226108326,-2.8409246969685853,9.209024866033374
197,774.0541412170749,2239.438489083527,17.371449593194697,2.0483726701177716,14.098322233119745,31.993945178328175,16.670868255251264,28.720817818253238
198,93.10333250124702,85.06748957493386,-7.9858309252713084,-23.308907848348227,-11.258958285346253,-15.190330478017813,-30.513407401094724,-18.463457838092765
199,127.62906304813211,1928.7469517643394,53.740949651793635,38.417872728716716,50.467822291718676,63.60396036182653,48.2808834387496,60.330833001751586
200,161.76091881138615,4516.07696929108,67.24414973623527,51.92107281315833,63.971022376160334,46.746308061446044,31.42323113836912,43.473180701371106
201,1908.7425310603471,332.88966241334015,-44.42055475620866,-59.74363167928557,-47.69368211628361,-25.159145068201866,-40.48222199127878,-28.432272428276818
202,31.227063891237,75.11544056324465,13.310301702025278,-2.0127752210516476,10.037174341950326,-2.339773029864439,-17.662849952941357,-5.612900389939391
203,975.0996062167518,2835.6132732252654,17.484425555596573,2.161348632519662,14.211298195521607,35.18959382813986,19.866516905062923,31.91646646806491
204,143.2311868304411,87.97910312610666,-16.72193527109303,-32.045012194169956,-19.99506263116799,-19.844981646041106,-35.16805856911803,-23.11810900611607
205,147.90839169702542,37.961071710872126,-35.92070182464984,-51.243778747726765,-39.193829184724784,-24.458238702535198,-39.78131562561211,-27.73136606261015
206,1808.1487995649447,409.90150614257254,-38.65112259841801,-53.97419952149494,-41.92424995849295,-41.388585932250095,-56.71166285532702,-44.66171329232505
207,210.95981626679782,203.12729556062206,-6.832365971016955,-22.15544289409388,-10.105493331091921,-19.027080627595446,-34.350157550672364,-22.300207987670397
208,1111.7560491052143,416.096411654428,-27.62113972145721,-42.94421664453412,-30.894267081532163,-32.18028731642564,-47.503364239502574,-35.45341467650061
209,369.33714703280066,379.36529714950586,-5.410627015423458,-20.733703938500383,-8.68375437549841,-13.17967743903921,-28.502754362116136,-16.452804799114148
210,750.6699947954926,78.4993640086477,-55.67326344620028,-70.9963403692772,-58.94639080627523,-50.98706978909235,-66.31014671216928,-54.260197149167304
211,778.6679781670239,85.49407526579286,-54.601028545600556,-69.92410546867748,-57.87415590567551,-39.852466371318634,-55.17554329439557,-43.12559373139358
212,287.07460630188814,1183.0442052626524,25.15429011457205,9.831213191495138,21.881162754497097,41.886655567849566,26.563578644772647,38.61352820777461
213,1431.542240723329,262.14408376593974,-43.347493512542144,-58.67057043561907,-46.620620872617096,-54.282410901375,-69.60548782445193,-57.55553826144995
214,307.405816505516,427.64368519085264,1.2626748715750296,-14.060402051501882,-2.010452488499922,-22.284627317712037,-37.60770424078896,-25.55775467778699
215,329.15989868210517,313.04697723732977,-7.104188373894857,-22.427265296971783,-10.377315733969823,-1.110268805875819,-16.433345728952744,-4.383396165950785
216,80.49944706662605,84.99446940831763,-4.804610795637139,-20.12768771871407,-8.07773815571209,-3.4537059839836957,-18.77678290706062,-6.726833344058647
217,800.6389673988492,120.9279875101428,-47.58472767315552,-62.90780459623245,-50.85785503323047,-42.93541964496155,-58.25849656803848,-46.2085470050365
218,779.1680621984281,290.1318043169417,-27.733611815906286,-43.0566887389832,-31.006739175981238,-14.876131799958614,-30.199208723035525,-18.149259160033566
219,183.4404125622925,178.3768068663192,-6.615817009252119,-21.93889393232905,-9.88894436932705,-6.208024488774612,-21.531101411851523,-9.481151848849564
220,215.95751328570265,258.3526316511757,-2.0566374895348645,-17.37971441261179,-5.32976484960983,-2.961134165854702,-18.284211088931627,-6.234261525929668
221,99.29135747680967,71.27764428936072,-13.292467575007628,-28.61554449808456,-16.56559493508258,-11.671767842992196,-26.99484476606912,-14.944895203067148
222,577.2810344960455,1197.4037935295505,10.050799097844362,-5.272277825232564,6.77767173776941,10.56437599412827,-4.758700928948656,7.291248634053318
223,549.4997209226049,189.18580380288503,-29.45813018824054,-44.78120711131747,-32.7312575483155,-9.19570945425204,-24.518786377328965,-12.468836814326977
224,755.6042121558006,245.42228730627696,-30.73982195793056,-46.062898881007484,-34.01294931800551,-30.918007561495344,-46.241084484572255,-34.191134921570296
225,130.89297151105745,119.00782756118801,-8.094195600774661,-23.41727252385158,-11.367322960849606,-2.751733563235625,-18.074810486312558,-6.02486092331057
226,539.5670638323033,44.20663127197651,-61.0416301104104,-76.36470703348732,-64.31475747048535,-40.74844796607738,-56.07152488915429,-44.02157532615233
227,1866.0566690496664,118.65625840219205,-66.61774448330709,-81.94082140638402,-69.89087184338206,-44.00675508697535,-59.32983201005227,-47.27988244705031
228,853.6752856472856,121.47548012769019,-48.896446145053346,-64.21952306813026,-52.1695735051283,-25.389011017910597,-40.712087940987516,-28.662138377985542
229,286.7504053099051,235.02927980109894,-10.375845500140414,-25.69892242321734,-13.648972860215352,0.9078395239865102,-14.415237399090401,-2.3652878360884415
230,1571.5500968054157,46.419989662713945,-83.48592623001676,-98.80900315309368,-86.7590535900917,-41.132838774408775,-56.45591569748569,-44.40596613448373
231,69.67958671536346,440.0835571445946,34.5472586230357,19.224181699958777,31.27413126296075,20.760162539931287,5.437085616854361,17.487035179856335
232,74.52329375402168,62.824011553621304,-9.757036676298235,-25.080113599375153,-13.030164036373186,-3.843789436751436,-19.16686635982836,-7.116916796826388
233,1685.8485280590248,221.88241593004327,-50.61328761858772,-65.93636454166464,-53.88641497866266,-33.346878836470815,-48.66995575954775,-36.62000619654576
234,132.1876528212311,97.14238037931563,-12.776985250013865,-28.10006217309079,-16.050112610088824,-16.465712652185275,-31.7887895752622,-19.738840012260226
235,320.9620780475854,1485.7073964185697,27.711113035810044,12.388036112733133,24.437985675735092,12.954279268666426,-2.3687976544105,9.68115190859146
236,454.1544774750106,126.96447028494423,-34.03966248907637,-49.36273941215329,-37.31278984915132,-39.07492761174203,-54.39800453481894,-42.34805497181698
237,1418.0355179353799,1238.062366779817,-8.985948364707923,-24.309025287784834,-12.259075724782875,-7.533728622409242,-22.856805545486168,-10.806855982484194
238,130.9032019538083,138.97046863577995,-4.684326937641188,-20.007403860718114,-7.95745429771614,-16.22678309924374,-31.549860022320658,-19.4999104593187
239,369.4377174119241,380.92670290448854,-5.326254208332898,-20.64933113140981,-8.59938156840785,-2.660849311941817,-17.983926235018743,-5.933976672016769
240,420.1504862454883,2564.5776257909197,33.79659481710743,18.473517894030522,30.523467457032467,13.883446181072046,-1.43963074200488,10.610318820997094
241,1250.2495758187213,1651.841612773557,0.1280472531887682,-15.195029669888143,-3.1450801068861836,2.218702736346387,-13.104374186730539,-1.0544246237285648
242,132.14475326630443,204.67143758474157,3.625176274681152,-11.697900648395759,0.35204891460620047,-16.677887753415206,-32.00096467649213,-19.95101511349015
243,640.6347041289182,108.14131500842018,-45.13845245200133,-60.46152937507826,-48.41157981207628,-38.66343267267293,-53.986509595749865,-41.936560032747884
244,1086.2870400779684,281.68375175989854,-35.6941871830806,-51.01726410615751,-38.96731454315555,-30.324545951797788,-45.6476228748747,-33.59767331187274
245,136.6433538548766,189.2032877373528,1.159850688853389,-14.16322623422353,-2.11327667122157,3.0221859957875523,-12.300890927289359,-0.25094136428739944
246,490.7657664176699,140.04069766508852,-33.58874540083443,-48.91182232391135,-36.86187276090939,-15.61817686779419,-30.941253790871116,-18.891304227869156
247,297.9673174508699,191.33804088648367,-15.744726116886525,-31.06780303996345,-19.017853476961477,-19.91944567055441,-35.24252259363132,-23.19257303062936
248,350.602877209085,237.42976465876512,-14.575211193922073,-29.898288116998984,-17.848338553997024,-12.378162512324757,-27.701239435401675,-15.651289872399701
249,1342.5224544360713,115.43167237763433,-59.979789122983085,-75.30286604606002,-63.25291648305804,-44.32802964213264,-59.651106565209574,-47.60115700220759
250,213.41109182380535,1571.0111688842412,37.91759753574122,22.594520612664297,34.64447017566626,18.989666155629777,3.6665892325528517,15.716538795554825
251,1893.7844797922878,95.04828131994303,-71.82284476513396,-87.14592168821089,-75.09597212520893,-39.19720078297734,-54.52027770605427,-42.4703281430523
252,124.94340907911925,42.97491478595907,-29.479375458683077,-44.80245238175999,-32.75250281875803,-16.346658332348916,-31.669735255425834,-19.619785692423875
253,149.48810662408852,372.88569895638125,14.109212205629959,-1.2138647174469668,10.836084845554993,2.6875280853989807,-12.635548837677945,-0.5855992746759853
254,979.1473518397474,1824.62907019739,7.69389675153937,-7.629180171537556,4.420769391464418,8.034985891818494,-7.288091031258432,4.761858531743542
255,633.1917662777848,3002.5284726348755,28.241607670913424,12.918530747836485,24.968480310838473,15.069478748464476,-0.25359817461243495,11.796351388389525
256,1173.8859278894943,268.3477736713122,-38.46740261818702,-53.790479541263934,-41.740529978261975,-45.80257556311843,-61.125652486195364,-49.07570292319338
257,891.4861167973204,1385.32395499582,3.69758744834823,-11.625489474728695,0.4244600882732783,11.85524078306706,-3.467836140009865,8.582113422992109
258,1579.1214542867194,180.0173414828935,-53.77455632313284,-69.09763324620975,-57.047683683207794,-63.68504793835804,-79.00812486143495,-66.95817529843299
259,93.2869226757014,199.39431189730576,10.711296739440954,-4.6117801836359575,7.438169379366002,1.9654068662079283,-13.357670056868997,-1.3077204938670377
260,141.90430306707844,1438.4301084303881,44.95540311482003,29.632326191743118,41.68227575474508,29.25379163820554,13.93071471512863,25.98066427813059
261,656.2807866556687,34.61104651438527,-70.73314828800756,-86.05622521108447,-74.0062756480825,-49.754514781362744,-65.07759170443966,-53.027642141437695
262,1155.4585966773789,1611.7587489677578,1.3222304070479964,-14.000846516028929,-1.9508969530269553,-11.015783412637035,-26.33886033571396,-14.288910772712
263,352.59006069487975,121.39605557198449,-29.457449268555038,-44.780526191631964,-32.730576628630004,-15.500306635408393,-30.823383558485304,-18.773433995483344
264,143.84315562601904,237.22886103277497,5.0066401417473045,-10.316436781329614,1.7335127816723457,0.4026264299777722,-14.920450493099153,-2.8705009300971795
265,600.4080249884012,709.7023679391235,-2.3208032409431922,-17.643880164020104,-5.593930601018144,-7.628112962005659,-22.951189885082584,-10.90124032208061
266,269.57653445467463,254.76046598051585,-7.243628810152472,-22.566705733229398,-10.516756170227424,-21.125246760722042,-36.44832368379896,-24.398374120796987
267,202.6479558359217,74.29829208614903,-28.074410624770834,-43.39748754784776,-31.3475379848458,-21.870672719368066,-37.193749642444985,-25.143800079443025
268,267.682440199443,158.91527667755224,-17.471463172039293,-32.79454009511622,-20.744590532114245,-13.032505376691262,-28.355582299768187,-16.305632736766213
269,795.3546950205282,100.36343534352046,-51.53978486850011,-66.86286179157702,-54.81291222857506,-38.86038123654415,-54.18345815962107,-42.133508596619095
270,93.81421182288214,54.55538091858129,-17.92620015704292,-33.24927708011984,-21.199327517117872,-13.1334438393652,-28.456520762442125,-16.406571199440158
271,114.26504966554873,108.66319312125106,-7.1058876354073846,-22.42896455848431,-10.37901499548233,-11.069413412525606,-26.392490335602517,-14.342540772600557
272,74.49471206352415,109.8749397352634,2.5495226006824794,-12.773554322394446,-0.7236047593924724,4.320130971724566,-11.002945951352345,1.0470036116496146
273,218.31710000833425,164.57347975154764,-12.217011618513517,-27.54008854159045,-15.490138978588448,-19.433117879174098,-34.75619480225102,-22.706245239249057
274,92.87565987161008,40.91605110470298,-24.034261835631494,-39.357338758708416,-27.307389195706435,-26.620514885410913,-41.943591808487824,-29.893642245485864
275,210.99869370653627,622.6406431938383,17.806587049712945,2.4835101266360198,14.53345968963798,2.3443785479530703,-12.978698375123855,-0.9287488121218814
276,1234.1345484767035,280.59023014217144,-38.58705743966668,-53.910134362743605,-41.86018479974163,-30.410884295440383,-45.73396121851731,-33.684011655515334
277,240.44713518268446,1941.8299586306157,39.95548830052081,24.632411377443887,36.68236094044585,31.02161898010975,15.698542057032824,27.748491620034784
278,101.93888796010245,626.0442368615745,33.93104584552388,18.607968922446958,30.65791848544893,14.65696194628402,-0.6661149767928976,11.383834586209076
279,1485.411129021787,1336.7577057993415,-8.319779639974996,-23.642856563051907,-11.592907000049948,26.334030913704495,11.010953990627584,23.060903553629544
280,63.36753058172605,125.14197506024612,8.970940576438828,-6.352136346638105,5.697813216363876,-5.91649484016186,-21.23957176323877,-9.189622200236812
281,142.04406293782992,155.26603975889842,-4.041940175231545,-19.365017098308456,-7.315067535306497,8.333403444883054,-6.989673478193879,5.060276084808109
282,644.2363070485326,955.1145063529033,2.6628440805029783,-12.660232842573933,-0.6102832795719735,17.667186095136188,2.3441091720592624,14.394058735061222
283,805.7295521405149,1274.929314935972,4.095753224488689,-11.227323698588236,0.8226258644137374,5.161551845255673,-10.161525077821238,1.888424485180721
284,431.26660014373545,377.5118317595062,-8.928740101857855,-24.251817024934766,-12.201867461932807,-5.675517756087075,-20.998594679163986,-8.948645116162027
285,432.4780083052731,163.11471746434293,-27.45171018850678,-42.77478711158369,-30.724837548581732,-15.798233070526507,-31.12130999360342,-19.07136043060146
286,310.74603182874785,599.1904619069924,8.445278174346356,-6.877798748730569,5.1721508142714185,-0.572279715578901,-15.895356638655826,-3.8454070756538528
287,773.5367741978657,215.47962139322786,-34.11835115555567,-49.4414280786326,-37.391478515630624,-22.998722970919225,-38.32179989399616,-26.271850330994198
288,893.1817262153434,1864.248762222514,10.188114392888707,-5.134962530188204,6.914987032813755,25.7252259401464,10.402149017069476,22.45209858007145
289,1276.6042793830725,324.27740374549796,-36.14791100449358,-51.470987927570505,-39.42103836456853,-41.509003142018045,-56.83208006509497,-44.782130502093
290,1132.5313693356056,1766.8217270859018,3.7839944598660082,-11.539082463210917,0.5108670997910565,10.24578337569281,-5.077293547384102,6.972656015617858
291,461.7204674954394,1380.1157245798154,18.08918542297897,2.766108499902046,14.81605806290402,7.126461084500178,-8.196615838576747,3.8533337244252266
292,667.7488295371583,827.9781879365754,-1.2683563398750692,-16.591433262951995,-4.541483699950021,0.7305481977102062,-14.592528725366705,-2.5425791623647456
293,186.9502456315864,129.76965956368386,-14.031792690856584,-29.354869613933516,-17.30492005093152,-10.113680510980792,-25.43675743405771,-13.386807871055737
294,1421.3206652347683,3341.827363780167,12.808488312936646,-2.5145886101402652,9.53536095286168,25.652194038719983,10.329117115643044,22.37906667864503
295,119.21418656353987,107.24636721931816,-8.327447698198547,-23.65052462127548,-11.600575058273499,-9.991686351576895,-25.314763274653814,-13.264813711651847
296,86.70749914652376,56.171721969603176,-15.550792084343215,-30.87386900742014,-18.823919444418166,-24.43113657991161,-39.754213502988534,-27.70426393998656
297,767.4719567298505,92.23564015466039,-52.6126172997577,-67.93569422283461,-55.88574465983265,-34.00721895552991,-49.33029587860682,-37.28034631560486
298,806.4383485085733,405.79348261021744,-21.10922786369987,-36.4323047867768,-24.382355223774823,-16.668657965895463,-31.991734888972374,-19.941785325970415
299,235.43963168248575,162.50782006235858,-14.156025140382013,-29.47910206345894,-17.42915250045698,-36.95384433503774,-52.276921258114655,-40.226971695112695
300,831.6685831258286,1797.443417886903,10.95510491395926,-4.367972009117651,7.681977553884309,15.14110785811856,-0.18196906495835208,11.867980498043607
301,87.86538257241702,73.48510709111352,-9.931909050383268,-25.25498597346018,-13.20503641045822,-12.632153389884024,-27.955230312960936,-15.905280749958976
302,174.43029801100084,54.513586746620966,-31.587655605834087,-46.91073252891101,-34.86078296590905,-19.250513401835697,-34.57359032491263,-22.52364076191064
303,1882.4400267980134,1095.473407805658,-17.910408755871813,-33.233485678948725,-21.183536115946765,-21.462958285959175,-36.7860352090361,-24.73608564603414
304,72.27182805791965,1483.7463717032365,60.48160421655183,45.15852729347492,57.20847685647688,72.36128750023074,57.03821057715382,69.08816014015578
305,174.05335881776273,526.360492980928,18.3457371033886,3.0226601803116893,15.072609743313649,7.149737239071285,-8.173339684005626,3.8766098789963337
306,216.4855506909148,36.45042164841556,-45.19455712726635,-60.51763405034328,-48.4676844873413,-35.24096905686288,-50.56404597993979,-38.51409641693783
307,556.4178939988544,36.14864144783468,-66.1453655642529,-81.46844248732982,-69.41849292432785,-46.63426083701423,-61.95733776009115,-49.90738819708918
308,802.2138336620344,112.42545387110695,-49.23186621802719,-64.55494314110412,-52.504993578102145,-42.309713173495766,-57.63279009657269,-45.58284053357072
309,986.9383946841212,1663.2266945930771,5.481957647667656,-9.84111927540927,2.208830287592704,12.028784713694193,-3.294292209382732,8.755657353619242
310,449.4255805862309,512.6803107128956,-3.10299170683885,-18.42606862991576,-6.376119066913802,-6.14982831054251,-21.47290523361943,-9.422955670617455
311,292.2616524700517,137.93723960111595,-22.51871484842256,-37.84179177149949,-25.791842208497528,-16.465132090941218,-31.78820901401815,-19.738259451016177
312,246.59300741476204,141.3339534498412,-18.245500963847157,-33.56857788692409,-21.518628323922087,-8.145472991591078,-23.46854991466799,-11.41860035166603
313,148.40318100766356,138.02462803266008,-7.5950139177715315,-22.91809084084845,-10.86814127784649,-3.0151458597266156,-18.33822278280354,-6.2882732198015745
314,1046.6545027143836,1304.3826874033575,-1.1571179381573984,-16.48019486123431,-4.43024529823235,16.548578469012128,1.2255015459352165,13.275451108937176
315,147.13840530777492,207.6247661534335,1.5758928326206032,-13.747184090456315,-1.6972345274543557,1.957817658624819,-13.365259264452092,-1.3153097014501327
316,144.56574978505367,560.3323980501862,23.8055066255425,8.48242970246558,20.53237926546754,11.252023322830524,-4.071053600246401,7.9788959627555585
317,626.3646114782476,28.393892898320406,-74.0626884243549,-89.38576534743183,-77.33581578442985,-50.63011704870637,-65.95319397178328,-53.90324440878132
318,163.2117787162825,117.12384714161138,-13.299967749725568,-28.623044672802493,-16.573095109800505,-13.831494231399049,-29.154571154475974,-17.104621591474
319,677.0715662199723,3593.2937584949073,30.719046412195667,15.395969489118727,27.445919052120743,18.157678429985097,2.834601506908186,14.884551069910145
320,94.15679845670365,86.00552656182622,-7.992097904309766,-23.315174827386684,-11.265225264384718,0.5800495552647362,-14.74302736781219,-2.6930778048102155
321,380.87544265325005,1277.0366179178607,20.616152883553738,5.293075960476827,17.343025523478786,22.500263012191667,7.177186089114755,19.227135652116715
322,965.7400817972523,162.4727867081466,-45.2124526246387,-60.535529547715626,-48.48557998471365,-39.81476129882043,-55.137838221897354,-43.08788865889538
323,222.05406779208465,309.37480707841576,1.295917395925784,-14.027159527151142,-1.977209964149182,-12.463360371244633,-27.786437294321544,-15.736487731319585
324,53.95370481875517,161.6124080770355,18.135640432389344,2.812563509312426,14.862513072314393,11.25306148656773,-4.070015436509195,7.979934126492779
325,192.89973644400897,2906.2126413196293,53.673580142563196,38.350503219486285,50.40045278248826,47.94364846441752,32.62057154134061,44.67052110434257
326,1151.9949294982864,1354.495571485451,-2.43745305010475,-17.760529973181676,-5.710580410179702,8.189223831777028,-7.133853091299883,4.916096471702076
327,1462.211704413869,377.2263895994783,-35.80691833575541,-51.129995258832324,-39.080045695830364,-23.92607346881188,-39.24915039188879,-27.19920082888683
328,99.76876219421982,58.321353932898646,-17.81151019927737,-33.13458712235429,-21.08463755935233,-25.013102604533138,-40.33617952761006,-28.286229964608097
329,993.868929798148,154.10912895633874,-47.00677582212589,-62.329852745202814,-50.27990318220084,-27.52264260654779,-42.845719529624716,-30.795769966622743
330,872.7473405444198,138.94275423621485,-46.42684999084468,-61.7499269139216,-49.699977350919625,-42.143093640896076,-57.466170563972995,-45.416221000971035
331,107.42962930899436,128.65669682551206,-2.0331454634046153,-17.356222386481534,-5.306272823479567,-1.3223975118912108,-16.645474434968136,-4.595524871966177
332,178.54158054944833,197.2430310875405,-3.8084675711962177,-19.131544494273143,-7.081594931271184,-3.924345913577625,-19.247422836654536,-7.197473273652577
333,840.6345277735286,2236.733776647951,15.529528865453557,0.20645194237661713,12.256401505378605,54.83820530953365,39.51512838645672,51.5650779494587
334,1662.6716574942657,51.300198375538635,-82.52670081516112,-97.84977773823803,-85.79982817523607,-43.56815301966031,-58.89122994273724,-46.84128037973526
335,164.94711477742734,145.67485226935852,-8.733451756337999,-24.056528679414924,-12.00657911641295,-9.041729630650359,-24.36480655372729,-12.314856990725318
336,26.849477668243544,34.44574185336806,-0.5189415803425277,-15.842018503419446,-3.7920689404174794,-0.7960222493802007,-16.11909917245712,-4.0691496094551525
337,59.15720315951784,1343.5521495174814,62.703225417469085,47.380148494392174,59.43009805739413,45.128445328749585,29.805368405672667,41.855317968674626
338,495.3005749714873,321.8228828073951,-15.485596111907725,-30.808673034984636,-18.758723471982677,0.7995652536512381,-14.523511669425673,-2.4735621064237137
339,129.57757772337044,61.837698591632076,-22.27486452898814,-37.59794145206506,-25.5479918890631,-25.519343597832616,-40.84242052090954,-28.792470957907568
340,1642.9530311007652,176.9649069924342,-55.022579826277195,-70.34565674935412,-58.29570718635213,-25.486144781109942,-40.80922170418687,-28.759272141184894
341,333.1103567762873,3137.792130352954,43.34161873458113,28.018541811504207,40.06849137450618,58.98210059026226,43.65902366718532,55.708973230187325
342,659.1770306125186,919.3184291256964,1.3180893264565725,-14.004987596620353,-1.9550380336183792,-9.08172984190746,-24.40480676498437,-12.354857201982412
343,133.86870493213664,79.37445550696684,-17.49902398140305,-32.82210090447997,-20.772151341477993,-14.27357074746147,-29.59664767053839,-17.54669810753642
344,148.30229964915583,140.81025172116898,-7.140469091696076,-22.463546014773,-10.413596451771014,2.0326531724860786,-13.290423750590833,-1.2404741875888732
345,104.10336591493262,190.59519685075176,7.304884607830928,-8.018192315245997,4.031757247755991,3.5686957664992747,-11.754381156577637,0.2955684064243229
346,134.4246079402039,109.30869634162582,-10.550206103028948,-25.873283026105867,-13.823333463103893,-9.674746744385502,-24.997823667462427,-12.947874104460467
347,140.85689874700014,759.4817362110789,31.06761964647832,15.744542723401395,27.79449228640337,25.593157265416906,10.27008034233998,22.320029905341954
348,59.95305558234519,49.32185932411173,-10.294278389375307,-25.61735531245222,-13.56740574945026,-11.661766934212444,-26.984843857289363,-14.934894294287403
349,93.73413011971813,2144.628789390283,62.865706492620276,47.542629569543365,59.592579132545325,51.94065531449971,36.61757839142278,48.667527954424756
350,166.5058037461456,157.20234386950094,-7.2649202753423054,-22.58799719841923,-10.538047635417243,-10.202341646706117,-25.525418569783042,-13.475469006781054
351,183.43118005991076,210.69057779089357,-2.9518770186693075,-18.274953941746233,-6.225004378744245,0.07966190153000241,-15.243415021546909,-3.1934654585449493
352,256.83491527567975,155.7247363053325,-17.007558929002172,-32.3306358520791,-20.28068628907711,-11.433648510685643,-26.75672543376257,-14.706775870760588
353,136.76961755393694,1352.5837130671443,44.41242837941478,29.089351456337866,41.139301019339825,30.731718873195078,15.408641950118152,27.458591513120126
354,36.09957519476648,60.21485108085169,5.256034235028011,-10.067042688048907,1.9829068749530592,5.66827036419982,-9.654806558877098,2.3951430041248685
355,288.4740163081632,295.11594204379685,-5.499207710175895,-20.82228463325282,-8.772335070250861,-9.456630947150813,-24.779707870227725,-12.729758307225765
356,77.09676008034154,140.29436965999304,7.170995160425491,-8.152081762651434,3.8978678003505465,15.579813595641987,0.2567366725650686,12.306686235567042
357,789.3240396685501,28.031657562383305,-79.43253355839144,-94.75561048146838,-82.7056609184664,-53.55747564328237,-68.8805525663593,-56.830603003357325
358,403.27841511349914,149.06223600917588,-27.895791933462796,-43.21886885653973,-31.168919293537755,-12.10698959661012,-27.430066519687045,-15.380116956685058
359,153.94126219954214,324.4105009067302,10.3996486850248,-4.923428238052125,7.126521324949849,0.11289191924871034,-15.210185003828201,-3.1602354408262414
360,64.93801435227716,96.09087753312706,2.620946292195569,-12.702130630881356,-0.6521810678793827,0.32580886186296,-14.997268061213958,-2.9473184982119847
361,1230.610071587128,1415.6988791164129,-2.917507904126495,-18.24058482720342,-6.190635264201447,-5.5366891192483365,-20.859766042325248,-8.809816479323288
362,339.2971471605881,71.53760602010551,-40.246365867660074,-55.569442790737,-43.51949322773501,-16.68714555744789,-32.01022248052482,-19.960272917522857
363,364.9615050166392,212.65764788224755,-17.88238252547562,-33.205459448552546,-21.155509885550586,-16.88884662900329,-32.21192355208021,-20.161973989078234
364,892.9584186220491,2970.8679136815604,20.445526796399648,5.122449873322722,17.17239943632471,38.50893640258215,23.18585947950521,35.2358090425072
365,238.8770495184889,46.6095560961847,-41.95115470874616,-57.274231631823085,-45.22428206882111,-44.56142028000652,-59.88449720308344,-47.834547640081475
366,887.4927924800616,229.22732574327816,-35.781096403686774,-51.1041733267637,-39.054223763761726,-46.123042019345384,-61.446118942422316,-49.396169379420336
367,499.83496217491995,27.020862549703615,-70.18871169971959,-85.51178862279652,-73.46183905979454,-52.67525496378748,-67.99833188686439,-55.94838232386243
368,466.098845335012,736.0244799537504,4.051044363736267,-11.272032559340659,0.7779170036613152,8.236325661477714,-7.086751261599204,4.96319830140277
369,563.7762836211696,85.41468232186739,-47.517069052811266,-62.84014597588819,-50.79019641288622,-31.575573433406248,-46.898650356483174,-34.8487007934812
370,329.27869783031275,203.1557749838647,-16.624491874043287,-31.947568797120212,-19.89761923411824,-20.713999185160226,-36.03707610823716,-23.987126545235192
371,176.9833111322881,95.48575431613911,-19.575724224589763,-34.89880114766669,-22.848851584664715,-9.364940942081134,-24.68801786515806,-12.638068302156086
372,904.0461471221206,498.29406542303474,-19.105180246862858,-34.42825716993978,-22.37830760693781,-32.99818814071869,-48.32126506379562,-36.27131550079363
373,453.74786195390635,2077.2012132129357,27.467170493042758,12.144093569965833,24.194043132967806,58.61815753102401,43.295080607947085,55.34503017094906
374,1272.485687528385,2873.654427624558,11.921470988517598,-3.4016059345593135,8.648343628442632,40.51530038334401,25.192223460267087,37.24217302326909
375,421.6996986346816,96.18519541015525,-38.516395871188635,-53.839472794265546,-41.78952323126359,-10.059055077339508,-25.38213200041642,-13.33218243741446
376,264.985245702913,478.83020917357715,7.01678218196686,-8.306294741110051,3.7436548218919086,-6.307896833803966,-21.63097375688089,-9.581024193878918
377,81.56494179518099,675.9313333755529,40.52322308148213,25.200146158405204,37.25009572140718,25.47382893994925,10.150752016872332,22.20070157987429
378,215.88398707111142,1236.9708342903664,32.404951812369674,17.08187488929275,29.131824452294723,17.622048042219788,2.2989711191428626,14.348920682144822
379,142.63784424161054,281.9348747343722,8.990079355882273,-6.332997567194653,5.716951995807321,2.617728729235523,-12.705348193841402,-0.6553986308394286
380,667.7612875068421,89.64843153219643,-50.17677112637012,-65.49984804944705,-53.44989848644507,-31.477519504085933,-46.80059642716286,-34.750646864160885
381,436.8189902560157,320.23133440902166,-12.830455383517489,-28.153532306594414,-16.10358274359244,-16.859484218977492,-32.182561142054425,-20.132611579052423
382,397.8268307661324,538.3857592787124,0.6562873493598573,-14.666789573717054,-2.6168400107150944,11.374808634287092,-3.9482682887898335,8.101681274212154
383,613.0330819084866,1312.6219275355502,10.749985683568042,-4.573091239508869,7.47685832349309,1.9707731960809127,-13.352303726996013,-1.302354163994039
384,1558.8905571292628,171.48864484340132,-54.558677471006334,-69.88175439408326,-57.831804831081286,-19.324566144144598,-34.64764306722151,-22.59769350421955
385,241.27897269280393,230.8857150054869,-6.9686815426275075,-22.291758465704433,-10.24180890270246,0.946709477792993,-14.376367445283918,-2.326417882281959
386,188.1478419922268,170.35179372448096,-8.185972220671019,-23.509049143747944,-11.459099580745985,-10.409486426498319,-25.732563349575244,-13.682613786573278
387,129.2321762257473,29.174921199665963,-38.74262475269951,-54.065701675776424,-42.015752112774464,-37.94371391750185,-53.266790840578786,-41.21684127757682
388,968.9045850433508,1858.18914929527,8.32621469910265,-6.9968622239742615,5.053087339027698,19.934954645633653,4.611877722556727,16.661827285558687
389,976.8687138252026,3409.266667672796,21.4978050052337,6.174728082156776,18.224677645158735,63.88349827811666,48.56042135503972,60.610370918041696
390,182.1008951218236,237.43190011141155,-0.16296123832385945,-15.48603816140077,-3.436088598398811,-8.84098147886317,-24.164058401940096,-12.114108838938108
391,79.69648876519776,75.76291340289357,-7.113565757831211,-22.436642680908136,-10.386693117906162,-6.1452437877911805,-21.468320710868113,-9.418371147866132
392,181.32405676703806,76.44337582215928,-25.002181394145396,-40.32525831722231,-28.275308754220347,-17.361416342392644,-32.68449326546957,-20.634543702467596
393,1068.6475573204925,287.4092139672989,-34.89132685984852,-50.21440378292543,-38.16445421992347,-29.426299657123295,-44.749376580200206,-32.699427017198246
394,89.9054484270255,71.73155540546881,-10.968211401690702,-26.291288324767635,-14.241338761765654,-15.770449795945474,-31.093526719022407,-19.043577156020426
395,147.00795410254008,117.70565976466851,-10.890591098470395,-26.21366802154732,-14.163718458545347,-16.335368157631834,-31.65844508070876,-19.60849551770677
396,80.4169870010983,95.94756418053579,-2.115319182100805,-17.43839610517773,-5.388446542175757,0.6139981323937462,-14.70907879068318,-2.6591292276812055
397,326.959477948189,78.60101606616966,-37.35993555570928,-52.68301247878621,-40.63306291578423,-18.26468237393184,-33.58775929700877,-21.537809734006792
398,780.1516178034576,124.70578445723737,-46.33768296792152,-61.66075989099845,-49.610810327996475,-27.90293447030413,-43.22601139338106,-31.176061830379084
399,108.954404024059,47.726412825628046,-24.15977922797302,-39.482856151049944,-27.43290658804797,-16.00424833492633,-31.327325258003256,-19.27737569500127
400,285.94590791332047,274.1837762491319,-6.924089363241947,-22.24716628631886,-10.197216723316899,-4.809091016265263,-20.132167939342196,-8.082218376340208
401,267.6381348091596,310.53079992984163,-2.729760143302883,-18.05283706637981,-6.002887503377835,-2.9754396781162313,-18.298516601193157,-6.248567038191169
402,115.70415935230791,1732.7977458350078,53.54203183179221,38.21895490871529,50.26890447171726,43.44070506630108,28.117628143224152,40.16757770622611
403,791.6182550973301,971.4949798296452,-1.4953498084886974,-16.81842673156561,-4.768477168563649,2.76825446113601,-12.554822461940901,-0.5048728989389417
404,159.0339463242946,197.7397747083643,-1.2076471862200293,-16.530724109296955,-4.480774546294995,-11.595530423747299,-26.91860734682423,-14.868657783822258
405,732.9644652883258,203.0378958045231,-34.24150079941042,-49.56457772248733,-37.51462815948537,-31.04639788091336,-46.369474803990286,-34.31952524098831
406,156.92476273390048,49.70036529590036,-31.294592161023772,-46.6176690841007,-34.56771952109871,-16.631335005510074,-31.954411928587007,-19.904462365585026
407,174.1865171130264,1642.1876552977208,43.360473921922534,28.037396998845608,40.08734656184757,51.487696471182545,36.164619548105634,48.21456911110761
408,967.0568272060689,137.43867052868544,-48.923748453108985,-64.24682537618591,-52.19687581318394,-33.48960777000468,-48.81268469308159,-36.76273513007963
409,1012.0884519079851,68.09777263262863,-65.37418836320597,-80.69726528628289,-68.64731572328091,-53.240461038385035,-68.56353796146196,-56.51358839845999
410,254.44011866008077,124.44640205856973,-21.734188811249005,-37.05726573432594,-25.007316171323943,-11.80454904104181,-27.127625964118735,-15.077676401116747
411,1452.7147263675834,1742.7070504573917,-1.995875715382354,-17.31895263845928,-5.269003075457306,4.325903142356012,-10.9971737807209,1.05277578228106
412,1491.5562960573081,148.30828852954014,-56.78220861921783,-72.10528554229477,-60.05533597929279,-43.7301718956902,-59.05324881876713,-47.00329925576515
413,187.36347967148436,1689.9378522882328,42.38672435640906,27.063647433332136,39.113596996334124,38.469733742181546,23.146656819104635,35.196606382106594
414,574.8157707450396,550.6853139746856,-6.943493380825927,-22.266570303902853,-10.21662074090088,-2.674198216309648,-17.997275139386574,-5.947325576384586
415,113.84461135632924,149.8112801835591,0.039922010457729584,-15.283154912619182,-3.233205349617222,-10.775039310075442,-26.098116233152368,-14.048166670150394
416,199.42928833150677,148.98360708703026,-12.415715871472685,-27.73879279454961,-15.688843231547622,-8.22511530911649,-23.548192232193415,-11.498242669191427
417,173.15873661393636,86.94982925397004,-21.15530388709943,-36.47838081017636,-24.42843124717438,-27.170796873913332,-42.49387379699024,-30.443924233988284
418,129.43669044777948,41.20405030844028,-31.182417144905017,-46.50549406798194,-34.455544504979976,-34.828463136122124,-50.15154005919905,-38.101590496197076
419,773.4596783805706,167.31284875264615,-39.68217895123008,-55.005255874307,-42.95530631130504,-33.094403408574294,-48.41748033165122,-36.367530768649246
420,272.9326273830213,539.8164128568241,9.004090793489084,-6.318986129587827,5.730963433414132,-6.4405151026646905,-21.763592025741616,-9.713642462739656
421,933.7119691617031,163.40755140676688,-44.344253439265906,-59.66733036234284,-47.617380799340864,-29.156234779982462,-44.479311703059395,-32.42936214005742
422,957.6451635439255,80.89287485826605,-60.369734532469266,-75.69281145554619,-63.64286189254422,-30.17452573076244,-45.49760265383935,-33.44765309083739
423,995.9051770946847,59.527421110750225,-67.9787296466656,-83.30180656974252,-71.25185700674055,-57.680828851980856,-73.00390577505779,-60.95395621205581
424,85.57468271079637,21.51940602166679,-36.36955554573454,-51.692632468811475,-39.642682905809494,-28.544178180250626,-43.86725510332754,-31.817305540325577
425,1802.7151816922553,140.87498665406127,-62.081880007772114,-77.40495693084902,-65.35500736784707,-19.364448704664667,-34.68752562774159,-22.63757606473962
426,631.1749171594178,168.81864514427969,-35.01267594112092,-50.33575286419783,-38.28580330119587,-34.34848781446284,-49.671564737539754,-37.621615174537794
427,108.30886675779254,135.5129779841297,-1.0702313898181757,-16.3933083128951,-4.343358749893127,-6.404007461939344,-21.72708438501627,-9.67713482201431
428,150.16486175945235,245.6430334330287,4.827203849819355,-10.495873073257556,1.5540764897444035,-5.7031536440457415,-21.026230567122667,-8.976281004120693
429,474.2379886608286,78.8061866578098,-45.48379108974513,-60.806868012822065,-48.756918449820084,-32.55071748772495,-47.87379441080188,-35.82384484779989
430,183.9631092388976,79.82646775476549,-24.367362610352487,-39.69043953342941,-27.64048997042744,-17.670035566011123,-32.993112489088034,-20.943162926086075
431,253.79240445179633,200.3971106469289,-11.196744879860518,-26.519821802937443,-14.469872239935455,-22.95180819370364,-38.27488511678057,-26.22493555377858
432,158.8015888136361,185.64615145063698,-2.563888279471591,-17.886965202548524,-5.83701563954655,-7.945090145934884,-23.268167069011795,-11.218217506009836
433,282.0876171963032,202.5018719269572,-13.292309010165354,-28.61538593324228,-16.56543637024032,-14.372163101698007,-29.695240024774932,-17.645290461772944
434,220.42155619017694,197.15358373327732,-8.454294468885024,-23.77737139196195,-11.727421828959976,-10.412497430024985,-25.73557435310191,-13.68562479009995
435,164.22847535073203,222.98616340729282,0.72872466969892,-14.594352253378005,-2.5444026903760175,3.2074926618900577,-12.115584261186868,-0.06563469818487988
436,1127.0822675129002,2444.7275814501027,11.034632313383355,-4.288444609693585,7.761504953308403,6.105369472816065,-9.21770745026086,2.8322421127411133
437,354.8138065927856,238.00146095523894,-14.784959728427822,-30.108036651504733,-18.058087088502774,-30.61116383231561,-45.93424075539252,-33.88429119239056
438,303.1559461585242,282.3942102274236,-7.5607535574260964,-22.883830480503022,-10.833880917501048,-5.517981608273885,-20.84105853135081,-8.791108968348837
439,892.4763360647665,56.78856869109912,-66.6026288792105,-81.92570580228741,-69.87575623928545,-43.017627313340164,-58.34070423641708,-46.290754673415115
440,187.85281124939428,115.23730442804685,-16.75063480260397,-32.073711725680894,-20.023762162678935,-18.80496280157533,-34.12803972465224,-22.07809016165028
441,1567.2371068298855,77.07635617026543,-72.27000543725018,-87.59308236032709,-75.54313279732511,-64.91223837439206,-80.23531529746899,-68.18536573446701
442,379.7633984448949,570.4154233888402,2.94996267451576,-12.373114248561166,-0.3231646855592061,9.939124139482132,-5.383952783594779,6.66599677940718
443,277.05687609555065,300.3596611449931,-4.223328111951872,-19.546405035028798,-7.496455472026838,-10.831313761757912,-26.154390684834837,-14.104441121832863
444,140.6191879925789,180.42755913768613,-0.5159737484403308,-15.839050671517256,-3.7891011085152826,7.171492457471167,-8.151584465605751,3.8983650973962085
445,700.8093122805452,16.36382114639372,-88.65758506055053,-103.98066198362747,-91.93071242062548,-64.04451828671137,-79.36759520978829,-67.31764564678632
446,147.3913614545536,1340.975735263845,42.57735116771316,27.254274244636235,39.30422380763821,31.699614012037586,16.37653708896066,28.426486651962634
447,122.27897439817842,679.1388750207607,31.7194515660617,16.39637464298478,28.446324205986755,28.047049045244094,12.723972122167183,24.773921685169142
448,86.28755696001939,452.0203011201887,30.432917150475056,15.109840227398138,27.159789790400097,7.556149423620255,-7.766927499456671,4.283022063545303
449,431.0412088574491,36.978370839652705,-60.029151614180044,-75.35222853725696,-63.302278974254996,-48.02198470680513,-63.34506162988204,-51.29511206688008
450,247.5933178483907,1295.5959029119622,30.408646388944888,15.085569465867977,27.135519028869936,16.855408624714613,1.5323317016377018,13.582281264639661
451,329.2402784367017,1807.3646278400518,31.462419340159954,16.139342417083043,28.189291980085002,23.017851311600083,7.694774388523157,19.744723951525145
452,202.66228077651863,188.26941309371534,-7.620673269416642,-22.943750192493567,-10.893800629491594,-13.245137413833476,-28.5682143369104,-16.518264773908427
453,756.7843248617503,2207.8104327946116,17.554921365084752,2.2318444420078265,14.2817940050098,21.71151159543473,6.388434672357818,18.438384235359777
454,1374.7954185433912,56.9030954376035,-76.06363037301146,-91.38670729608837,-79.33675773308642,-56.9469877801731,-72.27006470325003,-60.220115140248055
455,734.9768335499831,293.47042811510227,-26.197366233897768,-41.52044315697468,-29.47049359397272,-31.71024258779817,-47.0333195108751,-34.98336994787313
456,705.6237777636292,101.36212031915329,-48.68842046211717,-64.01149738519409,-51.961547822192124,-36.080600256064436,-51.40367717914137,-39.35372761613939
457,102.30585805416067,50.73442310117404,-21.42997055508942,-36.75304747816634,-24.703097915164363,-23.148492972031562,-38.47156989510849,-26.421620332106514
458,685.5011572898878,505.7702847171019,-12.689487283806315,-28.012564206883226,-15.962614643881267,-23.62952734493072,-38.95260426800765,-26.902654705005673
459,1184.2552047154486,2121.375706331778,6.824916248100834,-8.498160674976091,3.5517888880258823,38.77485544917624,23.451778526099304,35.50172808910129
460,660.5315619223566,101.52062004511754,-47.20122548765563,-62.524302410732545,-50.47435284773058,-37.6252143897846,-52.948291312861514,-40.898341749859554
461,106.98137857831972,42.94134328330828,-26.082033676755742,-41.40511059983267,-29.3551610368307,-17.848742232154926,-33.171819155231844,-21.12186959222987
462,176.85682215220987,249.2109689815462,1.545104861639956,-13.77797206143697,-1.7280224984350099,-0.8722019625846684,-16.195278885661594,-4.145329322659634
463,350.46008574505055,266.08158618265725,-12.059764594793137,-27.382841517870048,-15.332891954868089,-8.822221807073703,-24.14529873015063,-12.095349167148669
464,585.6803350633497,53.68185241370359,-58.573381012043356,-73.89645793512028,-61.84650837211831,-45.770333914645256,-61.093410837722175,-49.04346127472021
465,3102.453418342966,5010.666156075606,4.546264251402903,-10.776812671674037,1.2731368913279653,20.218570455568667,4.8954935324917415,16.9454430954937
466,1965.5076855303423,134.58211658823268,-64.98928882161162,-80.31236574468853,-68.26241618168658,-23.623257030023026,-38.94633395309995,-26.896384390097978
467,61.3210291536636,75.88809343405146,-1.3109868106191698,-16.634063733696095,-4.5841141706941215,-8.384027814924067,-23.707104738000993,-11.65715517499902
468,1451.3100067490768,888.8399474858836,-16.78670335040087,-32.10978027347778,-20.059830710475822,-9.327102215331848,-24.650179138408774,-12.6002295754068
469,37.013441106202286,2013.36588841182,81.9182051451853,66.59512822210837,78.64507778511035,92.98545604013475,77.66237911705782,89.71232868005981
470,41.05354148023126,58.262898758537986,1.7019448288915413,-13.621132094185384,-1.5711825311834104,3.2476394334008916,-12.07543748967602,-0.02548792667406019
471,431.30798815306076,650.7591494088023,3.048977937519524,-12.274098985557387,-0.2241494225554277,8.644916546203184,-6.678160376873734,5.37178918612824
472,957.7724926502185,1360.2501861851715,1.7179003891011462,-13.60517653397578,-1.5552269709738056,7.818715845161407,-7.5043610779155046,4.545588485086455
473,116.77180217138617,143.5058581800982,-1.46460679834302,-16.78768372141994,-4.737734158417965,-1.4419909825751063,-16.76506790565203,-4.715118342650058
474,128.31519986101904,136.51774710768365,-4.636772513214147,-19.95984943629108,-7.909899873289092,-17.249965267175376,-32.57304219025231,-20.523092627250335
475,374.675260346964,275.7851851504049,-12.741623468602327,-28.064700391679253,-16.01475082867728,-22.840627862160034,-38.16370478523696,-26.11375522223497
476,1133.4999616533082,3370.640286859567,17.975436436224996,2.6523595131480704,14.702309076150044,33.77460426121823,18.45152733814129,30.50147690114325
477,501.66130048664746,168.149822979276,-30.047535739092822,-45.370612662169734,-33.320663099167774,-14.902829355764993,-30.22590627884192,-18.175956715839945
478,172.3730269726964,145.88206655219687,-9.670971875199115,-24.994048798276026,-12.944099235274066,-5.810102079385629,-21.13317900246254,-9.083229439460581
479,174.0108149696273,60.7725890804326,-29.143529254106504,-44.46660617718342,-32.416656614181456,-18.393516947120332,-33.716593870197244,-21.666644307195284
480,89.66490269924044,179.981893931383,9.329090443031859,-5.993986480045052,6.055963082956907,13.767902562448093,-1.5551743606288255,10.494775202373148
481,96.36443457990434,86.26127706959858,-8.436640836347578,-23.759717759424504,-11.70976819642253,-7.492471649622182,-22.8155485726991,-10.765599009697127
482,868.1390161542585,104.94557487922208,-52.48401950289211,-67.80709642596904,-55.75714686296706,-30.226426217565333,-45.54950314064226,-33.499553577640285
483,199.08991080783255,157.33300014855303,-11.17862304469493,-26.501699967771856,-14.451750404769882,-26.410011906203117,-41.73308882928005,-29.683139266278083
484,1708.716580057,38.139783749606394,-89.6492777885203,-104.9723547115972,-92.92240514859525,-58.60241631822047,-73.92549324129739,-61.87554367829542
485,312.42352694827446,212.13388539395717,-14.51712653547132,-29.84020345854823,-17.79025389554627,0.24313244100387976,-15.079944482073032,-3.029994919071072
486,45.56512135684192,88.94129992607346,8.714349307172839,-6.608727615904087,5.441221947097887,8.679493050589159,-6.643583872487767,5.406365690514207
487,562.7360597942982,1294.765416126119,12.332030287438855,-2.991046635638071,9.058902927363903,26.225279604357084,10.902202681280173,22.952152244282132
488,112.27409547528447,1126.1096596667096,44.7227826608854,29.39970573780849,41.44965530081045,27.8218936690497,12.498816745972775,24.548766308974763
489,251.05212924580556,1791.5547923979332,37.23392737663201,21.9108504535551,33.96080001655706,36.30372887220548,20.98065194912857,33.03060151213053
490,599.1176197412497,473.57278147768193,-11.173351229907496,-26.496428152984407,-14.446478589982448,-13.404783313581888,-28.727860236658813,-16.677910673656825
491,913.6918668880699,102.2630929990158,-54.17878016723005,-69.50185709030697,-57.451907527305,-34.98506859046185,-50.308145513538776,-38.2581959505368
492,164.9984428082855,94.17046836286566,-18.33824687110426,-33.661323794181186,-21.611374231179227,-32.94680282041277,-48.269879743489696,-36.21993018048771
493,945.4795264552434,163.91820523665035,-44.551142945558176,-59.87421986863511,-47.824270305633135,-25.970350645037875,-41.293427568114794,-29.24347800511282
494,140.19889266302008,193.8885765126672,1.132874537511313,-14.190202385565598,-2.140252822563639,-2.0048541690987634,-17.32793109217569,-5.277981529173715
495,1087.2664622461436,1391.824163567682,-0.5671325358469232,-15.890209458923849,-3.840259895921875,21.589140985842903,6.266064062765992,18.31601362576795
496,1370.5770483140006,28.72385586637844,-91.03570110058578,-106.35877802366272,-94.30882846066073,-67.38915255399918,-82.7122294770761,-70.66227991407413
497,600.4270220073518,2125.003356806527,21.805526223418283,6.482449300341372,18.53239886334333,61.30118417960036,45.97810725652343,58.0280568195254
498,81.81304021921089,65.46617164237276,-10.903868222733266,-26.226945145810177,-14.176995582808217,-11.975906606658526,-27.29898352973545,-15.249033966733485
499,102.97014629305492,165.16508249459844,4.395140124577047,-10.927936798499871,1.1220127645021023,-11.349846785163592,-26.672923708240518,-14.62297414523853
500,150.8575362318678,115.1751041662797,-11.937410766453795,-27.26048768953072,-15.210538126528732,-9.920700545351778,-25.24377746842869,-13.19382790542673
